rating,text
5,"Mình lướt tiktok thấy review nhiều về chỗ gội đầu này nên ghé đến trãi nghiệm thử. Cá nhân mình rất thích chỗ này nha.
Về không gian thoáng, mùi thơm nhẹ, yên tĩnh hợp dưỡng sinh …"
5,"Bé nhà mình tìm được An Tuệ Tâm trên GG map, thấy hơn 80 đánh giá 5 sao nên cả nhà ghé tiệm, mình chọn gói 350k/ 90 phút gội đầu dưỡng sinh bao gồm massage mặt , tay. …"
5,"một nơi đáng để trãi nghiệm
mát xa thích, thoải mái, trà và bánh ngon.
nhân viên nhiệt tình thân thiện, tay nghề cũng tốt nữa"
5,Quán ấm cúng. Nhân viên dễ thương. Có ngâm chân và wax vuốt tóc. Hai chị em sinh đôi kute chỉ cho mình quán lẩu gà lá é ngon ngon nữa. Gửi lại chút yêu thương nơi Đà Lạt !
5,Mình đi 5 người nhưng có 2 nhân viên gọi từ ngoài tới làm. Tuy nhiên tay nghề các bạn vẫn cần phải đào tạo lại và cải thiện nhiều hơn. Quy trình này chưa phải gội đầu dưỡng sinh mà đơn giản chỉ là massage + gội đầu. Dụng cụ dưỡng sinh của spa còn thiếu nhiều.
5,Là khách du lịch ik theo rv mà ik vào lúc muộn gần 22h gặp ngay c chủ quán c nhiệt tình vui vẻ ghê😘😘gội đầu massage đến Âu là đỡ nhức mỏi ngay tới đó chị còn piy mk căng cơ và nhức mỏi ở âu nữa siêu thích lun sau có dịp du lịch nhất định sẽ ghé c tiếp ♥️đến lúc ra về còn được c tặng quà  cho nữa …
5,"Dịch vụ nhanh tận tình, mình gọi lúc 14h30 mà 15h là được làm luôn. Giá theo mình là rẻ"
5,"Dịch vụ tuyệt vời, sạch se. Nhân viên siu dễ thương ❤️❤️c chủ rất nhiệt tình"
5,"Nhân viên nhiệt tình, massage dịch vụ rất tốt, có trà mời và quà tặng kèm theo, cơ sở sạch sẽ đầy đủ các trang thiết bị. Highly rcm mn chỗ này nếu có dịp ghé Đà Lạt nhé"
5,"Chị chủ quán với nhân viên dễ thương lắm ạ, gội đầu thích cực, không gian rộng rãi, dịch vụ chuyên nghiệp, còn được ngâm chân với tặng móc khoá kẹp tóc nữa ạ em sẽ ghé nhiều lần <3"
5,"Tuyệt vời, dịch vụ tốt, tay nghề nhân viên rất okee và đặc biệt là siêu nhiệt tình và vui tính!!!"
5,"Mình bầu đau nhức hết cả người, có ghé đây và dùng gói massage bầu, cảm giác rất phê và đã lắm luôn, chị chủ spa rất dễ thương, nhẹ nhàng và hay hỏi mình nằm có khó chịu không, hay quan tâm lắm, spa cũng ở gần mình, chắc chắn mình sẽ quay lại ủng hộ ☺️"
5,"Không gian spa tạo cảm giác dễ chịu, vừa yên tĩnh vừa ấm cúng. Gói massage mặt chuyên sâu giúp da mình tươi tắn hơn hẳn, nhân viên rất thân thiện."
5,"Công việc stress. Qua đây massage body khá là tuyệt vời nha
Nhân viên nhiệt tình, tay nghề ổn. Giải quyết được kha khá vấn đề đau vai cổ gáy của tôi. …"
5,"Giá cả ở đây hợp lý. Nhân viên massage mà nói về các tình trạng vai cổ của mình rất đúng nha. Còn hướng dẫn mình làm sao để cải thiện việc bó cơ, đau đầu, chóng mặt"
5,Thấy giá rẻ hơn ở chỗ tui nha. Có phòng riêng cho 2 người và phòng cho nhóm nhiều người. Mình đi 12 người làm cùng lúc được luôn. Mà đi đông thì nên đặt trước để nhân viên chuẩn bị nha
5,"Mình khá hài lòng với dịch vụ. Nhân viên làm kỹ, dễ chịu và nói chuyện với khách khá nhẹ nhàng. Lúc ghé mình chọn combo gội đầu + massage 250k/ 60 p"
5,"10 điểm không có nhưng, nhân viên nhiệt tình, take care khách dữ lắm 🫶🏻 có quà kèm nữa nừ chòi, love u. Nchung thấy xứng đáng với giá tiền. Rcm mng nhé …"
5,"Chị chủ siêu dễ thương, không gian rộng rãi thoải mái lắm, giá lại khá mềm so với thị trường, mà dịch vụ oke lắm nhe, gội đầu về mà tóc mềm mướt thích lắm, mọi ngừoi nên ghé nè"
5,"Chị nhân viên thân thiện, nhiệt tình, take care tốt. Massage cổ vai gáy lực tay vừa phải, thư giản. Dầu gội thơm, mùi hương dễ chịu. Nên trải nghiệm ở đây."
5,"Nhân viên nhiệt tình dịch vụ tốt,,sạch sẽ đầy đủ trang thiết bị"
5,"Dịch vụ tốt 5sao mấy c nhân viên siêu nhiệt tình, gội đầu rất êm ạ😍😍😍😍 …"
5,"Giá cả phải chăng. Mình là đi lúc 9h tối. Đặt lịch trước nên chị chủ ở lại đợi mình. Dù trễ nhưng nv vẫn rất dễ thương, phục vụ tốt"
5,"Spa sạch, thoáng, nhân viên nhiệt tình
Tay nghề tốt. Sẽ quay lại khi ghé Đà Lạt.
Mọi người nên ghé nhé.
Spa mở xuyên tết. Giá cả hợp lý"
5,"Nhân viên ở đây chuyên nghiệp, nhiệt tình.
Mát xa vai cổ gáy rất đã, nhẹ người hẵn ra. Dầu gội thơm, mềm tóc
Không gian thơm, thoải mái. Sẽ ghé nhiều lần. Mn nên ghé trãi nghiệm nhé"
5,"Lần đầu trải nghiệm gội đầu dưỡng sinh ở Đà Lạt trên mức tuyệt vời. Nhân viên nhiệt tình, chăm sóc chu đáo, tay nghề cao, cuối buổi còn tặng khách hàng quà tặng mini quá xinh iu luôn. Mn tự tin đến trải nghiệm nhé"
5,"Dịch vụ tốt, các chị nhân viên thân thiện. Nên trải nghiệm thử nhé mọi người."
5,"Sếp dí kpi cả tháng mệt quá trời, nay mình qua đây thư giãn 1h thôi là đủ xả stress rồi 🥰. Không gian yên tĩnh, sạch sẽ. Nhân viên tận tình chu đáo nữa. 10 điểm …"
5,"Mình rất thích đi trãi nghiệm các spa massage , cá nhân minh thì mình thấy ở đây làm khá tốt. Giá trung bình so vs ĐL, mùi thơm, không gian rộng rãi, nhân viên tay nghề tốt"
5,"Spa thơm, sạch sẽ. Nhân viên nhiệt tình, dễ thương, duyên dáng. Dịch vụ giá cả hợp lý. Nói chung là spa oke, ưng bụng."
5,"Rất nhiệt tình và chuyên nghiệp. Sạch sẽ, lại còn được quà tặng 👍👍👍👍👍 …"
5,"các chị gội đầu siêu đã, thân thiện, nhiệt tình và nói chuyện rất dễ thương. recommend cả nhà nên điiiii"
5,"thấy mọi người review trên GG. đánh giá 5 sao nhiều nên ghé trãi nghiệm thử.
mình đánh giá ở đây rất OK nhe
nhân viên làm chuyên nghiệp, massage thoải mái, gội đầu thích lắm …"
5,gội thoải mái thư giản với lạii tận tình dthgg lăm nèe cảm ơn vì món quà nhìu ạaa 💓💓 …
5,"Dịch vụ này còn cách rất xa tới dưỡng sinh, mà giá 250k là quá cao so với chất lượng dịch vụ, chất lượng sản phẩm dùng ở spa. Spa nên cân nhắc lại nhé"
5,"Nhân viên dễ thương, tận tình.Chất lượng tốt. Massage ok,gội đầu cx ok lắm vào ko bị mạnh.!❤️🥰 …"
5,"Mình rất thích gội đầu dưỡng sinh. Đi trãi nghiệm nhiều nơi thì thấy chỗ spa này khá ổn
Nhân viên nhiệt tình, thân thiện …"
5,"Mình có thấy spa trên fb và ghé thử ai dè muốn ghé tuần vài lần luôn.
Dịch vụ tại spa rất ok, gội đầu mát xa bao phê, tay nghề rất chuẩn đặc biệt chị chủ rất dễ thương, nói chuyện nhẹ nhàng, nhân viên thì siêu nhiệt tình.
Chắc chắn sẽ ghé lại để trải nghiệm nhiều gói ưu đãi khác của spa ạ."
5,"Dịch vụ massage chân thoải mái. Thư giãn
Giá cả hợp lý
Spa thơm, sạch sẽ
Nhân viên chuyên nghiệp"
5,"Tình cờ coi trên gg thấy ở đây review khá tốt, tò mò xem thử. Mùi thơm dễ chịu, nhân viên thân thiện, mát xa thoải mái"
