text,rating,sentiment,processed_time
mình đi vào lúc spa đông khách ngồi chờ 1 xíu thì thấy nhân viên dùng đồ sạch sẽ đồ dụng dụng cụ không_tái sử dụng 10 đ còn chưa lấy nhân mụn nên chưa biết oki không_rolling_on_the_floor_laughing rolling_on_the_floor_laughing rolling_on_the_floor_laughing,5.0,POSITIVE,2025-02-19 01:37:30
đã trải nghiệm dịch vụ ở đây không_gian oke tư vấn nhiệt tình nhưng không_ép mua nv ở đây rất vui vẻ và hòa đồng luôn nèeee,5.0,POSITIVE,2025-02-19 01:37:33
lần đầu tiên đi lấy mụn và hài lòng nhân viên nhiệt tình lấy mun sạch không_ép mua mỹ phẩm hỏi mua thì sẽ tư vấn đồ dùng sạch sẽ và chính hãng,5.0,POSITIVE,2025-02-19 01:37:36
nặn mụn mà được mấy chị chăm sóc ưng quá oánh 5 cho sự nhiệt tình đáng iu,5.0,POSITIVE,2025-02-19 01:37:39
khuyên mọi người lấy nhân mụn hoặc làm gì lẻ cũng được có giá niêm yết đừng có nghe theo mà làm combo nói thì 1 đàng làm thì không_thấy giống nói hứa làm cái kia rồi đến lúc khách đến thì không_làm nữa vơi 1 lý do lãng xẹt combo mà giá,5.0,NEGATIVE,2025-02-19 01:37:42
không_gian ok dụng cụ sạch nhân viên nhiệt tình lấy nhân mụn êm và kỷ sẽ quay lại,5.0,POSITIVE,2025-02-19 01:37:44
mình gội dưỡng sinh ở đây kĩ thuật cũng ok điểm trừ là wc không_được vệ sinh sạch sẽ không_gian tiệm hơi tối,5.0,NEUTRAL,2025-02-19 01:37:48
mình nặn về và cảm thấy chỗ này nặn rất đau 2 tháng trước cũng trên 1 nền da nhưng chỗ khác nặn nhẹ nhàng về không_sưng không_lên cồi lại nhưng chỗ này nặn đau rất đau mình nặn rất nhiều chỗ nặn nhưng mà nèo làm liệu trình nhiều quá gây khó chịu không_thoải mái,5.0,NEGATIVE,2025-02-19 01:37:51
tư vấn nhiệt tình sản phẩm tui dùng sai thì hướng dùng cho đúng chứ không_ép mua 10 đ nặn mụn 9 đ gội đầu vì có 3 giường không_đặt lịch là phải đợi,5.0,POSITIVE,2025-02-19 01:37:54
không_gian ok nặn mụn vệ sinh 10 đ các sản phẩm dùng chất lượng nhân viên rất nhiệt tình nhưng về kĩ thuật nv mình thấy chưa ổn mụn của mình chưa được nặn sạch hết nhân khi về thì nó lên chi chít và spa nặn bằng cây mặt mình bầm hết nói chung mọi thứ đều ok nhưng lấy nhân không_sạch và bị bầm,5.0,NEGATIVE,2025-02-19 01:37:57
đều đặn mỗi tháng 1 2 lần phải ghé sam dịch vụ quá với chi phí quá rẻ,5.0,POSITIVE,2025-02-19 01:38:00
đã trải nghiệm dịch vụ ở đây rất tốt sẽ quay lại,5.0,POSITIVE,2025-02-19 01:38:03
lấy mun phê lăm mn tư vấn nhiệt tình nhưng không_ép mua nhơ xem sản phẩm đang dung mn nhiệt tình chứ không_khó chịu gội dưỡng sinh 9 đ vì 1 điểm trừ là nghĩ hơi sớm,5.0,POSITIVE,2025-02-19 01:38:06
nhân viên gội đầu chậm chạp làm không_dễ chịu về bị đau 2 vai và gáy không_quay nổi đầu,5.0,NEGATIVE,2025-02-19 01:38:09
t nặn mụn đây không_sưng không_đau mừ đỉm nè đặc biệt có đôi dép cute rolling_on_the_floor_laughing,5.0,POSITIVE,2025-02-19 01:38:12
gội đầu mê mà rẻ nè sẽ ủng hộ s,5.0,POSITIVE,2025-02-19 01:38:15
em trải nghiệm dịch vụ tốt sẽ quay lại lần 2,5.0,POSITIVE,2025-02-19 01:38:18
mình cấy meso với chăm da ở đây nói chung là thích nha,5.0,POSITIVE,2025-02-19 01:38:21
đây là lần đầu tiên đi lấy mụn về mà lên mụn nhiều hơn trông mặt ghê hơn so với lúc mới đi lúc nặn có mang bao tay đây là vđ cần vì nó vsinh nhưng mang vào rồi vẫn lượm đồ rớt dưới đất và cầm vào điều khiển điều hòa lúc nặn cũng không,5.0,NEGATIVE,2025-02-19 01:38:24
spa uy tín chất lượng ok gội đầu dưỡng sinh đỉnh luôn đã trải nghiệm thêm massage cổ vai gáy và massage mặt nói chung phê,5.0,POSITIVE,2025-02-19 01:38:27
mình nặn mụn và điều trị mụn ở đây rồi nói chung cũng ok không_đau lắm được cái là dịch vụ gội đầu dưỡng sinh quá đỉnh luôn,5.0,POSITIVE,2025-02-19 01:38:30
xem trên fb và đến nhg trải nghiệm thực sự qá tuyệt vời bạn nc massage siêu phê sẽ quay lại,5.0,POSITIVE,2025-02-19 01:38:44
mình nặn mụn ở đây thích lắm không_đau không_sưng mấy c ở đâu tv cũng nhẹ nhàng sẽ quay lại hêhhee,5.0,POSITIVE,2025-02-19 01:38:47
gội đầu dưỡng sinh với massage cổ vai gáy ưuas ok luôn mn nha đặc biệt là cổ vai gáy 5 sao,5.0,POSITIVE,2025-02-19 01:38:49
cho shop 5 gội dưỡng sinh phê lắm triệt lông mừi đỉm trị mụn mừi đỉm lun,5.0,POSITIVE,2025-02-19 01:38:52
mình gội đầu với triệt t lông ở đây máy triệt máy lạnh thích lắm,5.0,POSITIVE,2025-02-19 01:38:55
trải nghiệm khá ổn áp,5.0,POSITIVE,2025-02-19 01:38:58
spa uy tín dịch vụ nhiều nhân viên chăm sóc tận tình,5.0,POSITIVE,2025-02-19 01:39:01
massage lần đầu tiên ở đà nẵng nơi này gần khách sạn của chúng tôi dịch vụ tốt massage tốt chủ và nhân viên rất niềm nở và thân thiện,5.0,POSITIVE,2025-02-19 01:39:03
chúng tôi đến đó để massage chân trong 1 giờ giá cả hợp lý nhưng lưu ý rằng chỉ có 2 ghế nằm nếu bạn là người có ý thức vệ sinh hãy tránh đến đây một người khác đang nằm trên ghế trước chúng tôi và không_có khăn tắm nào được thay khi đến,5.0,NEGATIVE,2025-02-19 01:39:07
các nhân viên tham dự với tôi thật đáng yêu và rất chu đáo cảm ơn bạn tôi rất thích chăm sóc da mặt,5.0,POSITIVE,2025-02-19 01:39:10
được rồi,5.0,NEUTRAL,2025-02-19 01:39:13
dịch vụ rất chuyên nghiệp và chuẩn y khoa nên mình đã lựa chọn chăm sóc từ bầu đến khi sanh bé rất cảm ơn các cô y tá đã chăm sóc mẹ con mình thời gian qua nhiều nhiều,5.0,POSITIVE,2025-02-19 01:39:16
đã cho bé đến trải nghiệm bơi và mình massage tại spa rất yên tâm giao bé cho các cô chuyên nghiệp bé rất thích mình cũng được thoải mái sẽ ghé lại lần sau,5.0,POSITIVE,2025-02-19 01:39:19
mình đã đưa bé đến đây bơi thủy liệu và dẫn mẹ của mình đi massage body ở đây mình rất hài lòng từ kỷ thuật đến các bạn nhân viên rất vui vẽ,5.0,POSITIVE,2025-02-19 01:39:22
đưa bé qua bơi thích lắm các cô chăm nhiệt tình gê luôn sẽ đưa bé qua bơi tiếp mới được,5.0,POSITIVE,2025-02-19 01:39:55
mình đã đưa bé nhà mình tới và đã trải nghiệm dịch vụ bơi của bên happy mom mình rất hài lòng với dịch vụ và các bạn ktv rất rất là nhiệt tình nhẹ nhàng với bé nhà mình woman_gesturing_OK_light_skin_tone trộm vía bé nhà mình sau khi bơi về ăn ngủ rất ngon red_heart red_heart,5.0,POSITIVE,2025-02-19 01:39:58
mình đồng hành cùng trung tâm từ khi bầu bì đến sau sinh và sau này là bé bơi thủy liệu cũng tại đây chuyên nghiệp và tận tâm 3,5.0,POSITIVE,2025-02-19 01:40:01
dịch vụ chăm sóc mẹ sau sinh rất tốt bé nhà mình thích các cô tắm và massage lắm cám ơn các cô nhé,5.0,POSITIVE,2025-02-19 01:40:05
mình book dịch vụ chăm sóc mẹ và bé sau sinh mua gói chăm sóc mẹ được tặng tắm bé nên cũng tiện nhà m xa địa điểm nhưng dịch vụ vẫn tới tận nơi làm nên khá tiện,5.0,POSITIVE,2025-02-19 01:40:07
massage bầu cực thích và thư giãn nhân viên chăm sóc tận tình chuyên nghiệp mình sẽ ghé qua để đăng ký gói chăm sóc sau sinh,5.0,POSITIVE,2025-02-19 01:40:10
kỹ thuật viên hiền massage mẹ bầu chuyên nghiệp thân thiện mẹ bầu thoải mái sau khi được massage,5.0,POSITIVE,2025-02-19 01:40:14
spa phục vụ nhiệt tình massage oki cảm giác thoải mái face_blowing_a_kiss face_blowing_a_kiss face_blowing_a_kiss,5.0,POSITIVE,2025-02-19 01:40:17
bạn như ý phục vụ mình rất hài lòng hỗ trợ nhiệt tình đánh giá cao,5.0,POSITIVE,2025-02-19 01:40:20
dịch vụ rất tốt cho mẹ và cho bé,5.0,POSITIVE,2025-02-19 01:40:23
rất hài lòng với phục vụ,5.0,POSITIVE,2025-02-19 01:40:26
dịch vụ lấy nhân mụn rất hài lòng nhẹ tay đau nhẹ nhân viên thân thiện chị chủ dễ thương vui tính nhiệt tình nên trải nghiệm,5.0,POSITIVE,2025-02-19 01:40:29
vô tình ghé vào mà lại quá ok chị chủ siêu dễ thương quy trình nặn mụn bài bản mà giá rẻ quá trời gội đầu dưỡng sinh vừa gội massage chườm nóng ngâm chân mà chỉ có 79 cành mn ghé trải nghiệm thử đi nhé,5.0,POSITIVE,2025-02-19 01:40:32
đích thân đi trải nghiệm rồi mới thấy xứng đáng cái mình phải khen đầu tiên là về nhân viên và cả chủ spa cực kì thân thiện với khách luôn nge mình thuộc tuýp hay ngại rưaa mà đến làm chặp thấy hết cảm giác nớ luôn nhân viên take,5.0,POSITIVE,2025-02-19 01:40:35
gội đầu siêu sạch nhân viên dễ thương vui tính gội đầu dưỡng sinh massage là bao phê lunnnn face_savoring_food nhức né hứa sẽ ủng hộ dài dài lun á nghennnn,5.0,POSITIVE,2025-02-19 01:40:38
trải nghiệm dịch vị nặn mụn tại libra spa không_đau không_xưng nhân viên phục vụ nhiệt tình gội đầu dưỡng sinh được thư giản thoãi mái nói chung là quá ok smiling_face_with_hearts smiling_face_with_hearts,5.0,POSITIVE,2025-02-19 01:40:42
dịch vụ chăm sóc khách hàng quá tốt nhân viên nhiệt tình mình đang điều trị mụn ở đây hiện tại trộm vía da mướt hơn rất nhiều ạ sẽ ủng hộ libra spa dài dài 10 điểm thumbs_up,5.0,POSITIVE,2025-02-19 01:40:45
chất lượng dịch vụ tốt giá cả phải chăng nhân viên nhiệt tình dễ thương sẽ ghé lại ủng hộ dài dài white_heart white_heart white_heart white_heart white_heart white_heart,5.0,POSITIVE,2025-02-19 01:40:48
mình gội ở đây mấy lần đều thấy okay nhân viên nhiệt tình dễ thương chăm sóc chu đóa,5.0,POSITIVE,2025-02-19 01:40:51
nhân viên nhiệt tình không_gian thoải mái giá cả hợp lý nên trải nghiệm,5.0,POSITIVE,2025-02-19 01:40:54
dịch vụ tốt nhân viên thân thiện,5.0,POSITIVE,2025-02-19 01:40:57
gội đầu dưỡng sinh thoải mái dịch vụ tốt,5.0,POSITIVE,2025-02-19 01:41:00
trải nghiệm dịch vụ lấy nhân mụn rất hài lòng hiệu quá,5.0,POSITIVE,2025-02-19 01:41:03
chủ sở hữu thân thiện dịch vụ rất tốt,5.0,POSITIVE,2025-02-19 01:41:05
nhân viên nhiệt tình dịch vụ tốt sparkling_heart,5.0,POSITIVE,2025-02-19 01:41:08
dịch vụ tốt mọi người nên trải nghiệm nha,5.0,POSITIVE,2025-02-19 01:41:12
tuyệt vời,5.0,POSITIVE,2025-02-19 01:41:15
dịch vụ tốt nhân viên nhiệt tình,5.0,POSITIVE,2025-02-19 01:41:18
quá ok đỡ đau vai gáy hẳn,5.0,POSITIVE,2025-02-19 01:41:21
dịch vụ tốt,5.0,POSITIVE,2025-02-19 01:41:24
quá tuyệt vời,5.0,POSITIVE,2025-02-19 01:41:27
dịch vụ đáng kinh ngạc từ đội ngũ nhân viên thân thiện vợ tôi làm sơn móng tay dạng gel với giá cả hợp lý và chất lượng sơn cũng như dịch vụ đều đỉnh cao họ còn chà chân cho tôi với giá 50 k trong lúc tôi đợi vợ,5.0,POSITIVE,2025-02-19 01:41:40
có một khuôn mặt hoàn toàn đáng yêu ở đây đó chính xác là những gì tôi cần sau khi đi du lịch da của tôi cảm thấy tuyệt vời và chúng rất nhẹ nhàng rất khuyến khích nếu bạn đang tìm kiếm một spa thẩm mỹ viện,5.0,POSITIVE,2025-02-19 01:41:43
tôi muốn làm móng tay làm móng tay và móng chân và tình cờ tìm thấy spa tuyệt vời này những người phụ nữ làm việc ở đây rất tốt bụng và chu đáo tôi thường không_làm móng tay nhưng đây quả là một trải nghiệm tuyệt vời,5.0,POSITIVE,2025-02-19 01:41:46
ukeeeee,5.0,POSITIVE,2025-02-19 01:41:49
trước đến đà nẵng chỉ toàn làm sen tài thu giờ thêm 1 địa chỉ thư giãn nữa là muối spa nhà mình làm 2 massage body và gội đầu thảo dược dưỡng nhan dễ chịu thư giãn ông bà chủ trẻ trung nhẹ nhàng và nói chuyện thân tình cởi mở chắc chắn gia đình mình sẽ quay lại mỗi khi về đà nẵng,5.0,POSITIVE,2025-02-19 01:41:52
dịch vụ rất tốt giá cả ok nhân viên vui vẻ nhiệt tình,5.0,POSITIVE,2025-02-19 01:41:55
dịch vụ tốt tư vấn nhiệt tình phòng óc thơm sạch sẽ giá cả ổn,5.0,POSITIVE,2025-02-19 01:41:58
không_gian rộng rãi thoáng mát nhân viên nhiệt tình,5.0,POSITIVE,2025-02-19 01:42:01
phương tiện chăm sóc đầy đủ tiếp chuyện chu đáo,5.0,POSITIVE,2025-02-19 01:42:05
gội đầu dưỡng sinh,5.0,NEUTRAL,2025-02-19 01:42:07
sạch sẽ tay nghề tốt,5.0,POSITIVE,2025-02-19 01:42:10
nơi sạch sẽ và dịch vụ tốt,5.0,POSITIVE,2025-02-19 01:42:13
vip,5.0,POSITIVE,2025-02-19 01:42:16
mình thấy kol review về spa và đặt lịch cuối tuần vừa rồi qua áp redi lần đầu thử gội đầu dưỡng sinh ở đây khá tuyệt vời nhân viên tận tình tay nghề cũng rất ok đặt qua app áp mã còn được giảm hẳng 50 k chắc chắn sẽ ghé lại,5.0,POSITIVE,2025-02-19 01:42:19
dịch vụ chất lượng giá mềm lắm nè nhân viên thân thiện nữa 10 điểm à mình đặt qua redi app cái cũng áp được mã giảm giá nữa thumbs_up thumbs_up,5.0,POSITIVE,2025-02-19 01:42:22
dịch vụ tốt giá hợp lí nhân viên dễ thương thân thiện nhiệt tình sẽ đến nhiều lần red_heart,5.0,POSITIVE,2025-02-19 01:42:25
chỗ ruột của mình đến chăm sóc sức khỏe tái tạo sức lao động,5.0,POSITIVE,2025-02-19 01:42:38
gội đầu giá hạt dẻ siêu phê nv nhiệt tình tiệm gội đầu ds đã nhất đà nẵng nên ghé nha smiling_face_with_hearts,5.0,POSITIVE,2025-02-19 01:42:41
quán quen đã trải nghiệm rất lâu từ cơ sở cũ cho tới cơ sở mới giá thành hợp lí dịch vụ tốt ạ,5.0,POSITIVE,2025-02-19 01:42:44
dịch vụ tốt nhân viên thân thiện nhiệt tình smiling_face_with_hearts smiling_face_with_hearts smiling_face_with_hearts,5.0,POSITIVE,2025-02-19 01:42:46
dịch vụ tốt nhân viên dễ thương giá cả hợp lý vô tình ghé 1 lần mà quay lại lần thứ 4 rồi smiling_face_with_heart eyes,5.0,POSITIVE,2025-02-19 01:42:50
mình gội ở đây đã lâu giá cả và chất lượng okila lắm ạa,5.0,POSITIVE,2025-02-19 01:42:52
dịch vụ tốt nhân viên dth massage đã,5.0,POSITIVE,2025-02-19 01:42:55
gội đầu phê lắm quán ruột của tui nhân viên dễ thương nhiệt tình 10 đ face_blowing_a_kiss,5.0,POSITIVE,2025-02-19 01:42:58
dịch tavuj tận tâm nhân viên vui vẻ đáng trải nghiệm,5.0,POSITIVE,2025-02-19 01:43:01
giá rẻ dịch vụ tốt mọi người nên đi thử và trải nghiệm nói chung là toẹc vời smiling_face_with_hearts smiling_face_with_hearts smiling_face_with_hearts,5.0,POSITIVE,2025-02-19 01:43:04
dịch vụ tốt gội đầu massage bao đã luôn đã và sẽ ghé lại nhiều lần smiling_face_with_hearts,5.0,POSITIVE,2025-02-19 01:43:07
dịch và nhân viên tốt giá cả hợp lý,5.0,POSITIVE,2025-02-19 01:43:10
gội đầu rất tốt nhân viên nhiệt tình chu đáo chủ spa rất thân thiện mn nên trãi nghiệm,5.0,POSITIVE,2025-02-19 01:43:13
gội đầu dưỡng sinh và chăm sóc da uki lắm nha giá cũng hạt dẻ nữa,5.0,POSITIVE,2025-02-19 01:43:16
gôi sướng mà giá rẻ sạch sẽ chất lượng,5.0,POSITIVE,2025-02-19 01:43:19
dịch vụ tốt nhân viên thân thiện sẽ quay lại,5.0,POSITIVE,2025-02-19 01:43:22
tuyệt vời có thêm điều hòa thì tốt hơn,5.0,POSITIVE,2025-02-19 01:43:25
10 điểm các bạn nhân viên nhiệt tình face_blowing_a_kiss,5.0,POSITIVE,2025-02-19 01:43:27
dịch vụ tốt nhân viên nhiệt tìnhhhh,5.0,POSITIVE,2025-02-19 01:43:40
nhân viên đáng yêu gội thích cực star struck,5.0,POSITIVE,2025-02-19 01:43:43
dịch vụ tốt nhân viên tận tâm tận tình,5.0,POSITIVE,2025-02-19 01:43:46
thư giản dịch vụ tốt nv nhiệt tình,5.0,POSITIVE,2025-02-19 01:43:49
rất hài lòng sẽ tiếp tục ủng hộ,5.0,POSITIVE,2025-02-19 01:43:52
nhân viên nhiệt tình làm kic,5.0,POSITIVE,2025-02-19 01:43:55
spa xinh xinh nv dễ thương nhiệt tình gia re chat lượng rat ok,5.0,POSITIVE,2025-02-19 01:43:58
quá tuyệt vời nv thân thiện hi,5.0,POSITIVE,2025-02-19 01:44:01
nhân viên thân thiện,5.0,POSITIVE,2025-02-19 01:44:04
gội đầu siu đã star struck star struck star struck,5.0,POSITIVE,2025-02-19 01:44:07
nhân viên thân thiện dịch vụ tốt,5.0,POSITIVE,2025-02-19 01:44:10
gội đầu dưỡng sinh dv tốt,5.0,POSITIVE,2025-02-19 01:44:12
dịch vụ rẻ chất lượng thư giãn,5.0,POSITIVE,2025-02-19 01:44:15
chị chủ cute lam nhaaa hihii,5.0,POSITIVE,2025-02-19 01:44:18
nhân viên nhiệt tình,5.0,POSITIVE,2025-02-19 01:44:21
ok lắm ạ,5.0,POSITIVE,2025-02-19 01:44:54
thơmmmmm thích lắm ạaa,5.0,POSITIVE,2025-02-19 01:44:57
trải nghiệm ok,5.0,NEUTRAL,2025-02-19 01:45:00
tuyệt,5.0,POSITIVE,2025-02-19 01:45:03
chất lượng tốt,5.0,POSITIVE,2025-02-19 01:45:07
massage tốt,5.0,POSITIVE,2025-02-19 01:45:09
nhẹ nhàng thư giãn,5.0,POSITIVE,2025-02-19 01:45:12
nếu bạn đến sân bay sớm bạn phải thử spa này nó có thể đạt được trong vòng 15 phút đi bộ dầu gội và massage tóc rất thoải mái để chăm sóc da đầu và tóc cổ điển tôi chọn combo3 bao gồm massage vai cổ và chân tuyệt vời,5.0,POSITIVE,2025-02-19 01:45:16
họ làm rất cẩn thận combo3 có giá khoảng 10 000 won hàn quốc và họ làm trong gần 2 giờ tôi rất hài lòng gội đầu massage mặt vai tay và chân có cả khách hàng nam tôi rất xấu hổ khi mặc váy ống nhưng tôi đoán đó là một phần văn hóa ở đây,5.0,POSITIVE,2025-02-19 01:45:19
nhân viên rất tốt bụng và tốt bụng người đã mát xa và chăm sóc đầu tuyệt vời cửa hàng sạch sẽ và có mùi thơm dễ chịu,5.0,POSITIVE,2025-02-19 01:45:22
vợ tôi và tôi đến đây theo lời giới thiệu của một người bạn địa phương khi chúng tôi đến thăm đà nẵng chúng tôi được mát xa chân và làm móng chân,5.0,POSITIVE,2025-02-19 01:45:25
cuối cùng cũng có một thẩm mỹ viện chăm sóc khách hàng của mình tôi sẽ quay lại,5.0,POSITIVE,2025-02-19 01:45:28
dịch vụ rất ok mình rất thích c oanh chăm sóc mình sau sinh rất nhiệt tình và kỹ lưỡng,5.0,POSITIVE,2025-02-19 01:45:31
mình ở quê ra không_có người thân may mắn tìm đúng chỗ này dịch vụ tận tâm chu đáo chăm sóc mẹ bé đều ok đáng đồng tiền bát gạo,5.0,POSITIVE,2025-02-19 01:45:34
mình đã sử dụng dịch vụ của bên này nhân viên tay nghề tốt chất lượng lại rất dễ thương đã mua gói và sẽ ủng hộ dài dài red_heart,5.0,POSITIVE,2025-02-19 01:45:37
mình đã trải nghiệm matxa bầu thật sự dịch vụ rất rất tốt so với mình nghĩ nhân viên rất thân thiện dễ thương tay nghề thật sự thích cảm giác không_khí nhẹ nhàng quá tuyệt vời cho lần trải nghiệm này,5.0,POSITIVE,2025-02-19 01:45:40
chị nhân viên làm cực kỳ có tâm rất yên tâm khi được tâm bình chăm lo cho 2 mẹ con,5.0,POSITIVE,2025-02-19 01:45:43
mình đã trải nghiệm gói vip 3 ở đây và thực sư rất hài lòng với dịch vụ ở đây luôn mọi người ạ các chị rất nhiệt tình và take care cho mình và nếu có dịp chắc chắn mình sẽ quay lại đây để trải nghiệm các gói dịch vụ khác red_heart 5 saooo,5.0,POSITIVE,2025-02-19 01:45:45
dịch vụ rất tốt nhân viên nhiệt tình chu đáo chất lượng tuyệt vời cực kỳ thư giãn giá rất hợp lý,5.0,POSITIVE,2025-02-19 01:45:48
mình sử dụng gói dịch vụ 100 k lần ở đây được 2 lần rồi lần nào cũng ok hết nha khuyên mn nên ghé trải nghiệm bạn ngọc tay nghề rất tốt tai mình khá nhạy cảm nên mình ít khi ra ngoài vệ sinh nhưng ở đây có bao gồm trong gói và rất cẩn thận luôn ý,5.0,POSITIVE,2025-02-19 01:45:50
dịch vụ quá ok m đến và được chị bé nhân viên siu dễ thương nhẹ nhàn làm cho mình rất rcm mn đến mình cũng sẽ đến thường xuyên mất thôi,5.0,POSITIVE,2025-02-19 01:45:53
dịch vụ khá ok các chị nvien nhẹ nhàng gội kĩ nè đáng để thử với giá cũng khá rẻ so với mặt bằng chung ở đn smiling_face_with_open_hands,5.0,POSITIVE,2025-02-19 01:45:56
đã trải nghiệm ở đây rất tuyệt nhân viên ở đây rất nhiệt tình mình sẽ quay lại đây,5.0,POSITIVE,2025-02-19 01:45:59
không_gian thoáng rộng rãi nhân viên nhiệt tình gội đầu kèm massage xong cảm giác cực thích nha giá cả cũng hợp lý nữa mọi người nên ghé trãi nghiệm nhé,5.0,POSITIVE,2025-02-19 01:46:02
gội đầu dưỡng sinh gói 149 k trong vòng 90 p mà phê kiểu gì á ghiền nhất đoạn ngoáy nhột này nèeeee,5.0,POSITIVE,2025-02-19 01:46:05
thoải mái và đỡ mau cổ vai gáy khi ngồi cả ngày ở văn phòng mình đã sử dụng dịch vụ ở đây cùng với gia đình,5.0,POSITIVE,2025-02-19 01:46:08
dịch vụ dễ thương nhân viên nhiệt tình xứng đáng đông khách nhất đà nẵng heart_suit,5.0,POSITIVE,2025-02-19 01:46:11
nhân viên thân thiện và nhiệt tình dịch vụ rất tốt đi kèm là giá cả hợp lý dịch vụ đáng để trải nghiệm,5.0,POSITIVE,2025-02-19 01:46:14
dịch vụ tốt nhân viên nhiệt tình giá thành rẻ,5.0,POSITIVE,2025-02-19 01:46:17
gội đầu thik lắm mọi người ạ hơn cả những j mik mong đợi gội xong còn được tặng 1 hủ flan siêu ngon smiling_face_with_hearts,5.0,POSITIVE,2025-02-19 01:46:20
kỹ thuật vcg oke đủ lực không_gian hơi nhỏ khá chen chúc nếu sấy tóc 1 lần nhiều người,5.0,NEUTRAL,2025-02-19 01:46:24
mình gội dưỡng sinh ở đây siêu mê các bạn ktv hay chị chủ đều làm siêu xịn cổ vai gáy đỡ mỏi lắm gội xong có kem flan nữa highly recommend,5.0,POSITIVE,2025-02-19 01:46:57
nghe review trên tiktok tới là trải nghiệm thì thực sự hơn kỳ vọng chỉ giá 99 k tôi được trải nghiệm nhiều thứ và kỹ càng,5.0,POSITIVE,2025-02-19 01:47:00
đây là lần thứ 2 mình gội ở đây tay nghề của chị chủ đỉnh lắm mn chị làm kĩ với đã hơn nhân viên nữa lúc trước mình trải nghiệm thì không_được lâu và kĩ như lần này sẽ quay lại vào lần sau face_blowing_a_kiss face_blowing_a_kiss,5.0,POSITIVE,2025-02-19 01:47:03
mình được bạn gth qua bên đây test thử lần đầu thấy hài lòng nvien and chủ nhỏ nhẹ dễ mến dvu khá oke có menu rõ ràng không_sợ chặt chém giá cả oke đường dễ tìm,5.0,POSITIVE,2025-02-19 01:47:05
đội ngũ nhân viên chuyên nghiệp dịch vụ tốt trải nghiệp các gói combo giá cả hợp lý,5.0,POSITIVE,2025-02-19 01:47:08
1 trải nghiệm tốt tiệm mát mẻ nhân viên nhiệt tình giá bình dân nói chung hài lòng tuyệt đối,5.0,POSITIVE,2025-02-19 01:47:12
phục vụ tốt chị chủ và nhân viên nhiệt tình thân thiện,5.0,POSITIVE,2025-02-19 01:47:15
phục vụ tốt mấy e nhân viên dễ thương giá thành rẻ hơn mong đợi se là khách hàng thường xuyên,5.0,POSITIVE,2025-02-19 01:47:18
mình đã thử 2 lần dịch vụ gội đầu dưỡng sinh 60 p và thấy rất là okiela nhân viên dễ thương làm nhẹ nhàng đúng ý mình gói 60 p gồm rất nhiều bước có massage mặt gội đầu massage cổ vai gáy xông tóc xông tai chị chủ spa nhiệt tình lắm á ngoài ra còn có kem flan để tráng miệng sau khi gội đầu xong nữa cho shop 5 sao ạ,5.0,POSITIVE,2025-02-19 01:47:21
dịch vụ tốt nhân viên siêu nhiệt tình thân thiện hundred_points hundred_points hundred_points zô gội đầu ngủ đã luôn herb herb,5.0,POSITIVE,2025-02-19 01:47:24
dịch vụ ok nhân viên cx nhiệt tình nữa giá rẻ mà chất lượng caooo kiểu này phải đầu tư dài dài,5.0,POSITIVE,2025-02-19 01:47:27
dịch vụ tốt giá cả phải chăng nhân viên thì dễ thương sẽ ghé lại những lần sau,5.0,POSITIVE,2025-02-19 01:47:30
trải nghiệm tốt phục vụ chu đáo nhiệt tình,5.0,POSITIVE,2025-02-19 01:47:33
nhân viên nhiệt tình dịch vụ khá là ok OK_hand,5.0,POSITIVE,2025-02-19 01:47:36
cảm giác toàn thân được thư giãn tuyệt đối xả bỏ tất cả mệt mỏi,5.0,POSITIVE,2025-02-19 01:47:39
massage dễ chịu và thoải mái các bạn nhân viên tâm lý đỡ đau cổ vai gáy hẳn nha like like,5.0,POSITIVE,2025-02-19 01:47:42
lần đầu được gthieu nhân viên nhiệt tình dễ thương gội đầu rất thoải sẽ dắt bạn bè đến vào lần tới,5.0,POSITIVE,2025-02-19 01:47:45
nhân viên nhiệt tình không_gian yên tĩnh giá thành rẻ sẽ quay lại,5.0,POSITIVE,2025-02-19 01:47:49
gội đầu sạch massage đầu đã lắm dễ đi vào giấc ngủ massage vai gáy nhiều thêm 1 ít nữa thì quá ok luôn ạ sẽ còn quay lại ủng hộ shop,5.0,POSITIVE,2025-02-19 01:47:52
tuyệt vờii heart_hands_light_skin_tone mình thích gội đầu ở đây dịch vụ tuyệt vờiii,5.0,POSITIVE,2025-02-19 01:47:55
dịch vụ chu đáo nhân viên làm thoải mái nhẹ nhàng rất ok giá phù hợp với dịch vụ,5.0,POSITIVE,2025-02-19 01:47:57
dịch vụ tốt rất hài lòng nhân viên thân thiện chuyên nghiệp,5.0,POSITIVE,2025-02-19 01:48:00
nhân viên thân thiện làm chu đáo sẽ ghé lại khi có dịp,5.0,POSITIVE,2025-02-19 01:48:03
dịch vụ tốt nhân viên vui vẻ nên đến để trải nghiệm,5.0,POSITIVE,2025-02-19 01:48:06
gội đầu rất chi là ưng guu mạnh hay guu nhẹ gì cũng ok hết mình thì guu gội đầu mạnh tay nên giờ mới tìm ra quán hợp với mình thumbs_up_light_skin_tone thumbs_up_light_skin_tone,5.0,POSITIVE,2025-02-19 01:48:09
chỉ hình dung 2 từ quá tuyệt về mọi mặt red_heart,5.0,POSITIVE,2025-02-19 01:48:11
phê nha mình làm gói 249 k ngủ từ đầu tới cuối thành quán ruột của mình rồi,5.0,POSITIVE,2025-02-19 01:48:14
đã trải nghiệm dịch vụ bên này rất oke nha mn đáng thử chị chủ nhẹ nhàng siêu dễ thương smiling_face_with_hearts,5.0,POSITIVE,2025-02-19 01:48:17
dịch vụ rất tốt giá rẻ nhân viên nhiệt tình,5.0,POSITIVE,2025-02-19 01:48:20
trải nghiệm relax rất tốt,5.0,POSITIVE,2025-02-19 01:48:23
hài lòng với dịch vụ nhân viên thân thiện,5.0,POSITIVE,2025-02-19 01:48:26
rất thư giãn đầu óc sẽ ghé lại lần tiếp theo,5.0,POSITIVE,2025-02-19 01:48:29
chất lượng tốt cô chủ dễ thương ah chủ thì khỏi bàn,5.0,POSITIVE,2025-02-19 01:48:42
mình đau cổ vai gáy đi nhiều chỗ chỗ này là ok nhất,5.0,POSITIVE,2025-02-19 01:48:45
đã sử dụng dịch vụ và rất hài lòng,5.0,POSITIVE,2025-02-19 01:48:48
rất thoải mái và nhiệt tình với khách,5.0,POSITIVE,2025-02-19 01:48:51
rất thích sẽ quay lại,5.0,POSITIVE,2025-02-19 01:48:54
massage xong cảm giác nhẹ nhõm hẳn rất ok mấy bạn,5.0,POSITIVE,2025-02-19 01:48:57
rất ok a chị đến xử dụng dịch vụ,5.0,POSITIVE,2025-02-19 01:48:59
tới đây massage bầu mà ưng lắm nghen giá cả cũng hợp lí ngủ quên luôn đẻ xong ghé lại rolling_on_the_floor_laughing rolling_on_the_floor_laughing rolling_on_the_floor_laughing,5.0,POSITIVE,2025-02-19 01:49:02
làm vip2 gội đầu dưỡng sinh oke lắm ạ massage nhẹ nhàng thoải mái lắm nha ạ,5.0,POSITIVE,2025-02-19 01:49:05
dịch vụ tốt nhân viên tân tình mình thix lămmmm,5.0,POSITIVE,2025-02-19 01:49:08
goi dau mat xa thu gian onday cam giac rat thoai mai va thu gian,5.0,POSITIVE,2025-02-19 01:49:11
trải nghiệm tốt hơn những gì tưởng tượng nhân viên nhiệt tình và rất có tâm mình ngủ từ đầu buổi đến cuối buổi,5.0,POSITIVE,2025-02-19 01:49:15
gội đã nha kkkkk chất lượng quá ok mà giá cả vừa tầm nữa 10 10 nhaaaa,5.0,POSITIVE,2025-02-19 01:49:18
nhân viên nhiệt tình dễ thương quán gội siêu đã luôn ạ,5.0,POSITIVE,2025-02-19 01:49:21
gội thích lắm yên tĩnh nhạc hay n viên nhiệt tình dễ thương 10 đ không_nhưng,5.0,POSITIVE,2025-02-19 01:49:24
gội đã giá hợp lý mn nên thử trải nghiệm,5.0,POSITIVE,2025-02-19 01:49:37
yên tĩnh nhân viên nhẹ nhàng tui thích rồi đó,5.0,POSITIVE,2025-02-19 01:49:40
đáng trải nghiệm gội siêu đã nhân viên và c chủ dễ thương lần sau sẽ quay lại,5.0,POSITIVE,2025-02-19 01:49:42
tốt massage rất ok giá chỉ 99 k 1 tiếng,5.0,POSITIVE,2025-02-19 01:49:45
rất ok gội sạch nhiều bước phê giá rẻ,5.0,POSITIVE,2025-02-19 01:49:48
best spa in town nên ghé qua thử 1 lần trãi nghiệm,5.0,POSITIVE,2025-02-19 01:49:51
giá rẻ mà dịch vụ rất ok nha mn rcm cho mn đến đây ạ,5.0,POSITIVE,2025-02-19 01:49:54
dịch vụ tốt nhân viên thân thiện giá cả ổn sẽ ghé lại,5.0,POSITIVE,2025-02-19 01:49:57
dịch vụ rất ổn áp phù hợp cho 1 chuyến đi chữa lành vết thương sau 1 ngày mệt mỏi,5.0,POSITIVE,2025-02-19 01:50:00
dịch vụ tận tâm thoải mái giá cả hợp lý,5.0,POSITIVE,2025-02-19 01:50:03
spa nằm ở trung tâm thành phố dễ đi nhân viên nhiệt tình và thân thiện bài massage dễ chịu và thoải mái heart_hands_light_skin_tone,5.0,POSITIVE,2025-02-19 01:50:06
không_gian thoáng đã trải nghiệm dịch vụ spa bên đây và hài lòng lắm nha,5.0,POSITIVE,2025-02-19 01:50:09
giá thành phải chăng dịch vụ tốt gội đầu thích lắm mng nên ghé trải nghiệm,5.0,POSITIVE,2025-02-19 01:50:12
đã ghé qua và rất hài lòng,5.0,POSITIVE,2025-02-19 01:50:15
nhân viên nhiệt tình không_gian thư giãn dễ chịu ngủ từ đầu tới cuối buổi,5.0,POSITIVE,2025-02-19 01:50:18
dịch vụ tốt nhân viên thân thiện giá cả hợp lý,5.0,POSITIVE,2025-02-19 01:50:21
phục vụ nhiệt tình 5 sao nhen dậy đi,5.0,POSITIVE,2025-02-19 01:50:23
dịch vụ tốt mấy chị nhân viên dễ thương lắmmmm,5.0,POSITIVE,2025-02-19 01:50:27
rất tuyệt phục vụ chu đáo,5.0,POSITIVE,2025-02-19 01:50:41
dịch vụ trải nghiệm tốt masage thoải mái lần sau ủng hộ tiệm nữa,5.0,POSITIVE,2025-02-19 01:50:44
nhân viên nhiệt tình dịch vụ okela,5.0,POSITIVE,2025-02-19 01:50:47
dịch vụ tốt gội đầu rất ocee ạaa hơn cả mong đợi smiling_face smiling_face,5.0,POSITIVE,2025-02-19 01:50:50
hài lòng với dịch vụ nhân viên thân thiện sẽ quay lại,5.0,POSITIVE,2025-02-19 01:50:53
dịch vụ tốt nhân viên thân thiện 10 điểm red_heart,5.0,POSITIVE,2025-02-19 01:50:56
thái độ phục vụ rất là chuyên nghiệp,5.0,POSITIVE,2025-02-19 01:50:59
kỹ thuật tốt massage êm không_đau như mình nghĩ,5.0,POSITIVE,2025-02-19 01:51:02
gội đầu dưỡng sinh với nhiều dụng cụ massage rất thư giãn,5.0,POSITIVE,2025-02-19 01:51:05
quá đã tuyệt vời nên thử đi mn 10 đ không_nhưng,5.0,POSITIVE,2025-02-19 01:51:09
vô cùng hài lòng không_gian yên tĩnh và nv thân thiện lắm ạ,5.0,POSITIVE,2025-02-19 01:51:12
dịch vụ 10 điểm,5.0,POSITIVE,2025-02-19 01:51:15
trãi nghiệm tuyệt vời tôi sẽ là khách hàng trung thành ở đây,5.0,POSITIVE,2025-02-19 01:51:18
dịch vụ và nhân viên phục vụ tốt,5.0,POSITIVE,2025-02-19 01:51:20
không_gian thoáng mát nhân viên nhiệt tình tay nghề ổn áp,5.0,POSITIVE,2025-02-19 01:51:23
không_gian thoáng mát sạch sẽ nhân viên nhiệt tình tay nghề cao,5.0,POSITIVE,2025-02-19 01:51:26
dịch vụ tốt tuyệt vời,5.0,POSITIVE,2025-02-19 01:51:40
dịch vụ tốt không_gian chiu lắm giá cả phải chăng,5.0,POSITIVE,2025-02-19 01:51:42
giá cả phù hợp dịch vụ chu đáo,5.0,POSITIVE,2025-02-19 01:51:45
làm rất thoải mái giá hợp lý nhân viên dth,5.0,POSITIVE,2025-02-19 01:51:48
làm mà ngủ quên luôn á zany_face,5.0,POSITIVE,2025-02-19 01:51:51
dịch vụ rất tuyệt vời,5.0,POSITIVE,2025-02-19 01:51:54
dịch vụ nhiệt tình và rất tốt nhé smiling_face_with_heart eyes smiling_face_with_heart eyes smiling_face_with_heart eyes,5.0,POSITIVE,2025-02-19 01:51:57
dịch vụ tốt nhân viên tận tình heart_suit,5.0,POSITIVE,2025-02-19 01:52:00
giá rẻ mà làm ok lắm nha,5.0,POSITIVE,2025-02-19 01:52:02
nhân viên thân thiện và nhiệt tình dịch vụ rất tốt đi kèm là giá cả hợp lý dịch vụ đáng để trải nghiệm,5.0,POSITIVE,2025-02-19 01:52:04
phục vụ nhiệt tình massage rất phê,5.0,POSITIVE,2025-02-19 01:52:06
nhân viên chu đáo kĩ thuật gội và massage tốt,5.0,POSITIVE,2025-02-19 01:52:09
nhân viên nhiệt tình dịch vụ ok,5.0,POSITIVE,2025-02-19 01:52:12
chất lượng tốt giá phải chăng,5.0,POSITIVE,2025-02-19 01:52:14
dịch vụ tốt massage rất thoải mái,5.0,POSITIVE,2025-02-19 01:52:17
địa điểm gần trung tâm dịch vụ rất tốt,5.0,POSITIVE,2025-02-19 01:52:51
dịch vụ khá oke massage tốt lắm ạ,5.0,POSITIVE,2025-02-19 01:52:54
dv ok ngủ rất ngon ạ,5.0,POSITIVE,2025-02-19 01:52:57
c nhân viên dịu dàng mà làm ok ok lắm,5.0,NEUTRAL,2025-02-19 01:53:00
dịch vụ tuyệt vời môi trường thoải mái,5.0,POSITIVE,2025-02-19 01:53:03
nhân viên nhiệt tình dễ thương,5.0,POSITIVE,2025-02-19 01:53:06
trên cả tuyệt vời,5.0,POSITIVE,2025-02-19 01:53:09
đã trải nghiệm tuyệt vời ạ thumbs_up,5.0,POSITIVE,2025-02-19 01:53:12
đã đến và rất hài lòng,5.0,POSITIVE,2025-02-19 01:53:15
nv vv hài lòng,5.0,POSITIVE,2025-02-19 01:53:18
phục vụ tốt,5.0,POSITIVE,2025-02-19 01:53:21
rất tốt tôi rất thích,5.0,POSITIVE,2025-02-19 01:53:24
rất tốt ạ sẻ quay lại,5.0,POSITIVE,2025-02-19 01:53:27
dịch vụ tốt oke,5.0,POSITIVE,2025-02-19 01:53:29
chất lượng dịch vụ tốt smiling_face_with_hearts,5.0,POSITIVE,2025-02-19 01:53:32
gội đầu đã nên thử,5.0,POSITIVE,2025-02-19 01:53:46
dịch vụ tốt giá ok,5.0,POSITIVE,2025-02-19 01:53:48
gội đầu sướng lắm nha nên trải nghiệm,5.0,POSITIVE,2025-02-19 01:53:51
gội siêu phê smiling_face_with_hearts,5.0,POSITIVE,2025-02-19 01:53:54
quá xịn hot_face hot_face hot_face,5.0,POSITIVE,2025-02-19 01:53:57
rất hài lòng,5.0,POSITIVE,2025-02-19 01:54:01
vote 5 sao,5.0,POSITIVE,2025-02-19 01:54:03
rất tốt,5.0,POSITIVE,2025-02-19 01:54:06
dịch vụ ok,5.0,NEUTRAL,2025-02-19 01:54:09
tốt,5.0,POSITIVE,2025-02-19 01:54:12
trải nghiệm tốt,5.0,POSITIVE,2025-02-19 01:54:15
tôi đã truy cập vì xếp hạng của google rất tốt 1 kết hợp sự thân thiện và lòng tốt thumbs_up,5.0,POSITIVE,2025-02-19 01:54:18
tất nhiên vì là việt nam nên giá rẻ hơn ở hàn dụng cụ chà mặt có mùi khàn gãi ngứa da đầu quá lúc ra về tôi xin 5 sao,5.0,NEGATIVE,2025-02-19 01:54:21
đó là một trải nghiệm rất tốt tôi đã nhận nó một cách thoải mái hãy chắc chắn rằng bạn sẽ ghé qua một lúc nào đó nhé,5.0,POSITIVE,2025-02-19 01:54:24
nó đáng giá từng xu giá rất rẻ so với các spa khác rất thư giãn và chuyên nghiệp gợi ý,5.0,POSITIVE,2025-02-19 01:54:27
tôi thích dịch vụ ở đây rất nhẹ nhàng và cẩn thận khi làm sạch mặt và tóc và giá cả cũng tốt tôi sẽ quay lại và giới thiệu cửa hàng này cho bạn bè của tôi,5.0,POSITIVE,2025-02-19 01:54:30
dịch vụ tuyệt vời yellow_heart chúng tôi chắc chắn sẽ quay lại spa tuyệt vời này và người chủ có những chú chó nhỏ rất dễ thương và thân thiện cảm ơn bạn rất nhiều vì dịch vụ tuyệt vời,5.0,POSITIVE,2025-02-19 01:54:43
tôi nhận được cả massage cơ thể và dầu gội tôi hoàn toàn hài lòng với cả hai công ty pr hàn quốc khác nó đắt và không_thú vị nhưng nơi này rẻ nhưng thực sự tuyệt vời và tốt đẹp tôi nghĩ tôi đã đến đó 5 lần trong chuyến đi của mình,5.0,POSITIVE,2025-02-19 01:54:46
lần đầu tiên đến tiệm này và thấy đây là nơi tốt nhất và có lẽ là giá cả phải chăng nhất so với những nơi khác họ dành thời gian và thực hiện nhiều bước xuyên suốt nếu bạn đang tìm một nơi để thư giãn và massage mặt da đầu thì hãy đến trâm spa nhé,5.0,POSITIVE,2025-02-19 01:54:49
không_cần phải nói bất cứ điều gì hãy dành thời gian và ghé thăm tôi đã tham gia một khóa học kéo dài 90 phút và chi phí khoảng 8 000 won tôi đánh giá cao nó,5.0,POSITIVE,2025-02-19 01:54:52
massage tuyệt vời ở một mức giá rất hợp lý nhân viên mát xa thực sự rất giật gân và việc gội đầu và làm sạch tai cũng thật tuyệt vời,5.0,POSITIVE,2025-02-19 01:54:54
tôi đã nhận được dịch vụ tốt với mức giá thấp tôi muốn ghé thăm lại nếu lịch trình phù hợp với tôi,5.0,POSITIVE,2025-02-19 01:54:57
wow đó là một trải nghiệm tuyệt vời tôi đến đây sau khi đọc bài đánh giá và tôi biết ơn những người đã viết bài đánh giá sẽ đến lần nữa,5.0,POSITIVE,2025-02-19 01:55:01
vai của tôi vốn cứng đờ nhưng đã trở nên mềm mại cảm giác thật sảng khoái và tôi rất hài lòng với việc chăm sóc tóc,5.0,POSITIVE,2025-02-19 01:55:03
đường phố xung quanh không_đông đúc nên yên tĩnh và rất đẹp,5.0,POSITIVE,2025-02-19 01:55:06
tiệm đẹp đã gội đầu và mát xa mặt tuyệt vời tôi sẽ quay lại thumbs_up_medium light_skin_tone,5.0,POSITIVE,2025-02-19 01:55:09
tôi đã nhận được dầu gội đầu và nó rất hiệu quả đó là điều tốt nhất bạn tốt bụng và tốt bụng,5.0,POSITIVE,2025-02-19 01:55:12
tiệm massage đầu vai cổ mặt trải nghiệm độc đáo nó rất tốt thumbs_up thumbs_up thumbs_up,5.0,POSITIVE,2025-02-19 01:55:14
điều trị tốt và dịch vụ cũng có đáng để thử,5.0,POSITIVE,2025-02-19 01:55:17
nó tốt giá rẻ nhưng họ đã làm rất tốt,5.0,POSITIVE,2025-02-19 01:55:19
rất đẹp thân thiện và giá cả hợp lý,5.0,POSITIVE,2025-02-19 01:55:22
nơi này rất tuyệt massage tốt và giá rẻ,5.0,POSITIVE,2025-02-19 01:55:25
massage mặt kết hợp gội đầu thật tuyệt vời tôi sẽ quay lại lần nữa thumbs_up,5.0,POSITIVE,2025-02-19 01:55:38
nhân viên xinh đẹp không_khí đẹp massage dầu gội tốt OK_hand_light_skin_tone,5.0,POSITIVE,2025-02-19 01:55:41
đó là một trải nghiệm rất thoải mái,5.0,POSITIVE,2025-02-19 01:55:45
dịch vụ tốt và giá cả tốt,5.0,POSITIVE,2025-02-19 01:55:48
tức là được,5.0,POSITIVE,2025-02-19 01:55:51
phải cố gắng dịch vụ goos,5.0,NEUTRAL,2025-02-19 01:55:54
trải nghiệm gội đầu tuyệt vời rẻ hơn spa khác,5.0,POSITIVE,2025-02-19 01:55:57
dịch vụ tuyệt vời và rất thư giãn,5.0,POSITIVE,2025-02-19 01:56:00
rất hài lòng,5.0,POSITIVE,2025-02-19 01:56:03
giá cả hợp lý với chất lượng tốt,5.0,POSITIVE,2025-02-19 01:56:06
mát mẻ,5.0,POSITIVE,2025-02-19 01:56:09
tốt tôi có trải nghiệm tuyệt vời với spa này,5.0,POSITIVE,2025-02-19 01:56:12
dịch vụ này rất tuyệt vời,5.0,POSITIVE,2025-02-19 01:56:15
thư giãn và hoàn hảo,5.0,POSITIVE,2025-02-19 01:56:18
được rồi,5.0,NEUTRAL,2025-02-19 01:56:21
đó là giá trị tốt nhất cho tiền,5.0,POSITIVE,2025-02-19 01:56:24
rất hài lòng very good,5.0,POSITIVE,2025-02-19 01:56:28
bạn gái tôi rất thích ở đây họ khác với nơi mát xa của bạn họ đưa thêm một chút thuốc vào quy trình,5.0,POSITIVE,2025-02-19 01:56:31
mình đăng ký dịch vụ chăm sóc mẹ bé 30 ngày dịch vụ tốt bạn phụng chăm sóc chu đáo nhiệt tình sẽ giới thiệu cho bạn bè,5.0,POSITIVE,2025-02-19 01:56:44
tuyệt vời giảm căng thẳng mệt mỏi sau 1 buổi massa,5.0,POSITIVE,2025-02-19 01:56:47
dịch vụ tốt nhân viên và chủ nhiệt tình good service enthusiastic staff and owner red_heart red_heart four_leaf_clover,5.0,POSITIVE,2025-02-19 01:56:50
spa tuy nhỏ nhưng làm chất lượng gội đầu 30 k nhưng làm rất kĩ co thêm cổ vai gáy rất sảng khoái,5.0,POSITIVE,2025-02-19 01:56:53
sốp làm uy tín chất lượng làm lần ghiền tới già mng nên thử nha chủ sốp dễ thương nhân viên vui tính nói chung 10 không_có nhưng smiling_face_with_hearts,5.0,POSITIVE,2025-02-19 01:56:56
gội đầu cực thoải mái nha mn mình gội dầu thường 30 k mà thơm và tóc bồng bềnh lâu cực qua gội thành khách quen luôn kk ở đây còn nhiều dịch vụ massage triệt lông bắn nốt ruồi nhiều lắm nha 5 sao đáng giá,5.0,POSITIVE,2025-02-19 01:56:59
chị chủ siêu nhiệt tình red_heart nhân viên chu đáo tay nghề cao làm tới đâu ph tới đó smiling_face_with_hearts,5.0,POSITIVE,2025-02-19 01:57:02
biết qua tiktok nặn mụn siêu mát tay nay thành khách guột của tiệm luôn gòi red_heart mn ghé trải nghiệm thử nha,5.0,POSITIVE,2025-02-19 01:57:04
10 chị chủ nhân viên thân thiện gội đầu phê nha xứng đáng quay lại thumbs_up thumbs_up thumbs_up thumbs_up,5.0,POSITIVE,2025-02-19 01:57:08
gội đầu massage siêu đã siêu thơm tóc ạ star struck star struck star struck star struck star struck nếu e còn ở đn là còn ghé dài dài hihi,5.0,POSITIVE,2025-02-19 01:57:11
gội đầu đã lắm nha mọi người mình chọn gói gội thường 30 k mà đã cực kì tóc thơm mượt mấy chị siêu nhiệt tình sẽ quay lạiii để ủng hộ hand_with_index_finger_and_thumb_crossed_light_skin_tone,5.0,POSITIVE,2025-02-19 01:57:14
quy trình chăm sóc tóc và massage rất bài bản không_chỉ làm sạch tóc mà còn giúp giảm đau mỏi vùng cổ và vai gáy nhân viên có kỹ thuật tốt lực tay vừa đủ mang lại cảm giác dễ chịu sẽ giới thiệu cho bạn bè,5.0,POSITIVE,2025-02-19 01:57:16
gội đầu giá rẻ nhân viên dễ thường nhiệt tình vui vẻ thư giãn sạch sẽ tóc tai chỉ 30 k quá okela dịch vụ nặn mụn cũng ổn lấy sạch mụn không_để lại vết thâm sần,5.0,POSITIVE,2025-02-19 01:57:19
mình là khách hàng thân quen ở đây hầu như dịch vụ nào mình cũng làm hết rồi triệt lông nặn mụn gội dưỡng sinh dịch vụ nào cũng tuệt vời mình thích nhất là gội dưỡng sinh bao phê smiling_face_with_hearts smiling_face_with_heart eyes đáng để thử kissing_face_with_closed_eyes,5.0,POSITIVE,2025-02-19 01:57:22
mình có làm liệu trình triệt nách ở đây và rất okila luôn nha nhân viên nhiệt tình dịch vụ hiệu quả và đã gth bb đến làm nhiều rcm mọi người nên đến đây trải nghiệm nha,5.0,POSITIVE,2025-02-19 01:57:55
nhân viên nói chuyện dễ thương thái độ làm việc vui vẻ hòa nhã dịch vụ tận tâm nghiệp vụ chuyên nghiệp,5.0,POSITIVE,2025-02-19 01:57:58
mình đi mấy tiệm ở đà nẵng rùi thấy tiệm này là oki nhất chị chủ dễ thương và nhiệt tình lúc nào gọi đến chị cũng đón tiếp các chị nhân viên gội đầu mát xa ai cũng nhiệt tình ạ có dầu gội cặp rất thơm,5.0,POSITIVE,2025-02-19 01:58:01
nhân viên bên này nặn mụn mát tay vui vẻ nhiệt tình tư vấn chăm sóc da rất kĩ giá cả sinh viên,5.0,POSITIVE,2025-02-19 01:58:04
chị quá dth nhiệt tình với khách hàng nói chung là 10 sẽ ủng hộ nhiều,5.0,POSITIVE,2025-02-19 01:58:07
mình là khách quen ở đây mấy chị nói chuyện siu dthh vuii vẻ hòa đồng giá cả thì hợp lý nèe,5.0,POSITIVE,2025-02-19 01:58:09
đã trải nghiệm rất nhiều lần rất hài lòng nha chủ xinh đẹp mến khách nhân viên nhiệt tình dễ thương mng nên đến trải nghiệm nhaaa,5.0,POSITIVE,2025-02-19 01:58:12
mình làm môi bên này lên màu ưng lắm mình có dắt mẹ và em tới làm ai cũng đẹp cả rcm cho chị nào muốn làm đẹp đảm bảo uy tín chất lượng smiling_face_with_hearts,5.0,POSITIVE,2025-02-19 01:58:15
dịch vụ nào cũng quá okey 10 điểm cho tiệm spa lày khách guộc nặn mụn với triệt lách cho hay kakaa,5.0,POSITIVE,2025-02-19 01:58:18
gội đầu rẻ xứng đáng với giá tiền nhân viên thân thiện chị chủ dễ thương,5.0,POSITIVE,2025-02-19 01:58:21
nặn mụn rất êm đã thử nhiều nơi nhưng thấy spa này giá rẻ sạch sẽ nhân viên nhiệt tình,5.0,POSITIVE,2025-02-19 01:58:25
đã trải nghiệm miễn bàn dịch vụ tốt giá cả phải chăng 10 điểm đáng để thử,5.0,POSITIVE,2025-02-19 01:58:28
bà chủ và nhân viên ở đây rất nhiệt tình cực kì hòa đồng và siu đáng iu face_blowing_a_kiss đã ghé rất nhiều lần mỗi lần đều được tiếp đón rất chu đáo star struck star struck star struck star struck,5.0,POSITIVE,2025-02-19 01:58:31
nặn mụn siêu oke nha mn mát tay 10 đỉm mấy dịch vụ khác thì khỏi chê mê li luôn smiling_face_with_hearts zany_face,5.0,POSITIVE,2025-02-19 01:58:34
mấy chị ở đây gội nhiệt tình gói 30 k mà còn có làm cổ vai gáy nữa,5.0,POSITIVE,2025-02-19 01:58:37
chuyển trọ mà vẫn qua ghé gội đầu là biết thích cỡ nào ròi nhân viên nhiệt tình chị chủ nói chuyện siêu dễ thươngggg heart_hands heart_hands heart_hands,5.0,POSITIVE,2025-02-19 01:58:40
tui triệt lông toàn thân và khử thâm nách ở đây siêu ok nha mấy bà recommend cho mấy bà 10 đỉm smiling_face_with_hearts,5.0,POSITIVE,2025-02-19 01:58:43
dịch vụ rất tốt nhân viên siêu dễ thương 10 điểm không_có nhưng,5.0,NEUTRAL,2025-02-19 01:58:46
spa đáng trải nghiệm ở đà nẵng nhân viên thân thiện dịch vụ giá bình dân,5.0,POSITIVE,2025-02-19 01:58:49
spa không_gian vừa nhân viên siêu dễ thương nhiệt tình gội đầu đã nha,5.0,POSITIVE,2025-02-19 01:58:53
trải nghiệm quá tuyệt vời tại đây nha mng nhân viên nhiệt tình dth lắm nè face_blowing_a_kiss,5.0,POSITIVE,2025-02-19 01:58:55
tuyệt tờ là vời luôn đó ạ uể oải sang đây là khỏe phải nói luôn đó chị chủ 10 luôn nhân viên tuyệt dời lun smiling_face_with_hearts smiling_face_with_hearts smiling_face_with_hearts smiling_face_with_hearts,5.0,POSITIVE,2025-02-19 01:58:59
đã bắn mụn thịt ở spa mọi người nha dịch vụ tuyệt vời hết hẳn sạch trơn tay nghề cao không_để lại sẹo,5.0,POSITIVE,2025-02-19 01:59:02
tiệm sạch sẽ nhân viên thân thiên noi chung là 10 điểm không_có nhưng,5.0,POSITIVE,2025-02-19 01:59:05
spa sạch sẽ nhân viên nhiệt tình thân thiện 10 đ không_có nhưng sẽ ghé nhiều lần red_heart,5.0,POSITIVE,2025-02-19 01:59:08
nhân viên nhiệt tình dễ thương dịch vụ tốt giá cả phải chăng,5.0,POSITIVE,2025-02-19 01:59:11
chị chủ siêu dễ thương mình làm môi mày bên này ai cũng khennnnn face_with_hand_over_mouth smiling_face_with_hearts,5.0,POSITIVE,2025-02-19 01:59:14
dịch vụ siêu oke giá cả phải chăng đáng để thử ạ smiling_face_with_hearts,5.0,POSITIVE,2025-02-19 01:59:16
chị chủ nhân viên nhiệt tình dvu giá ổn làm ok ạ kiss_mark,5.0,POSITIVE,2025-02-19 01:59:19
dịch vụ tốt giá rẻ nhân viên nhiệt tình 10 đ,5.0,POSITIVE,2025-02-19 01:59:22
nhân viên nhiệt tình và dễ thương gội đầu rất relax lun,5.0,POSITIVE,2025-02-19 01:59:25
dịch vụ tốt nhân viên thân thiện tận tâm,5.0,POSITIVE,2025-02-19 01:59:59
khách ruột gội đầu tại quán luôn nha red_heart smiling_face_with_hearts,5.0,POSITIVE,2025-02-19 02:00:02
nhân viên nhiệt tình 100 điểm không_nhưng,5.0,NEUTRAL,2025-02-19 02:00:05
nhân viên nhiệt tình 10 điểm red_heart red_heart red_heart,5.0,POSITIVE,2025-02-19 02:00:08
mình đã trải nghiệm dịch vụ ở đây rất tốt nhân viên nhiệt tình giá cả hợp lí không_giang thoáng mùi hương dễ chịu triệt nách êm không_đau qẹooooo dô nha chị em đảm bảo dô là dính,5.0,POSITIVE,2025-02-19 02:00:11
chị chủ nhân viên vuii tính gội đầu massa siêu thíchhh smiling_face_with_hearts smiling_face_with_hearts smiling_face_with_hearts,5.0,POSITIVE,2025-02-19 02:00:15
chất lượng 10 điểm nên trải nghiệm nhé mọi người,5.0,POSITIVE,2025-02-19 02:00:18
chỗ ni mình làm dịch vụ chăm sóc da gội đầu massage ok lắm cả nhà giá cả phải chăng nhân viên vui vẻ,5.0,POSITIVE,2025-02-19 02:00:20
nhân viên nhiệt tình dễ thương,5.0,POSITIVE,2025-02-19 02:00:24
giá cả phải chăng bao đỉnh ạ,5.0,POSITIVE,2025-02-19 02:00:27
nhân viên nhiệt tình dễ thươngg ạa,5.0,POSITIVE,2025-02-19 02:00:30
dịch vụ tốt rcm mn tới trai nghiệm nha,5.0,POSITIVE,2025-02-19 02:00:33
nặn mụn siêu mát tay nên trải nghiệm heart_hands,5.0,POSITIVE,2025-02-19 02:00:36
trải nghiệm dịch vụ nào bên đây cũng oke cả chủ rất có tâm sẽ quay lại và giới thiệu bạn bè,5.0,POSITIVE,2025-02-19 02:00:39
bên này mình đi điều trị lần thứ 3 là da đã rất đẹp rồi luôn nhắn tin hướng dẫn mình tự nhà 10 điểm nha,5.0,POSITIVE,2025-02-19 02:00:42
10 đ không_có nhưng nha chị chủ dễ thương lắm,5.0,POSITIVE,2025-02-19 02:00:46
sốp gội đầu em phê qá nhẹ hẳn cí đầu,5.0,POSITIVE,2025-02-19 02:00:49
triệt lông vài cơ sở rồi mà thấy ở đây triệt oke nhất triệt rất sạch và kỹ nên trải nghiệm thử heart_hands_light_skin_tone heart_hands_light_skin_tone,5.0,POSITIVE,2025-02-19 02:00:52
nặn mụn siêu kĩ mình làm liệu trình ở đây một lần đã thấy cải thiện rất nhiều trộm vía,5.0,POSITIVE,2025-02-19 02:00:54
2 bạn nv nhiệt tình vv massa thoải mái mà giá lại hợp lý sẽ ủng hộ lần sau nữa,5.0,POSITIVE,2025-02-19 02:00:57
dịch vụ tốt đã làm mấy lần ròii thái độ nhân viên thân thiện,5.0,POSITIVE,2025-02-19 02:01:00
nặn mụn siêu mát tay trộm vía 6 tháng mới lên vài hột mụn sẽ ủng hộ tiệm dài dài heart_hands heart_hands,5.0,POSITIVE,2025-02-19 02:01:02
chất lượng dịch vụ tốt nhân viên dễ thương nhiệt tình,5.0,POSITIVE,2025-02-19 02:01:06
dịch vụ tốt mấy bạn nhân viên nhiệt tình dễ thương,5.0,POSITIVE,2025-02-19 02:01:08
mình nặn ở đây 4 lần rùi nha lần nào cũng sạch đỡ hơn nhiều nèeee 10 điểmmmm,5.0,POSITIVE,2025-02-19 02:01:11
nhân viên thái độ phục vụ tốt,5.0,POSITIVE,2025-02-19 02:01:15
sốp cute zá cả phải chăng,5.0,POSITIVE,2025-02-19 02:01:18
10 điểm không_có nhưng cho quán smiling_face_with_heart eyes smiling_face_with_heart eyes smiling_face_with_heart eyes,5.0,POSITIVE,2025-02-19 02:01:20
tuyệt vời chất lượng phục vụ rất tốt giá cả phải chăng,5.0,POSITIVE,2025-02-19 02:01:24
dv tốt,5.0,POSITIVE,2025-02-19 02:01:27
gội ok lắm nha chị nvien hài hước,5.0,POSITIVE,2025-02-19 02:01:39
chị chủ khá dễ thương chăm sóc chu đáo raising_hands 10 điểm,5.0,POSITIVE,2025-02-19 02:01:42
dịch vụ tuyệt vời,5.0,POSITIVE,2025-02-19 02:01:45
trải nghiệm dịch vụ cũng khá ok mọi người trải nghiệm thử nhé,5.0,POSITIVE,2025-02-19 02:01:48
trải nghiệm tốt nè brown_heart,5.0,POSITIVE,2025-02-19 02:01:51
thấy sạch sẽ gọn gàng làm cũng ok phết,5.0,POSITIVE,2025-02-19 02:01:54
chị chủ dễ thương,5.0,POSITIVE,2025-02-19 02:01:57
dịch vụ tốt đáng để trải nghiệm,5.0,POSITIVE,2025-02-19 02:02:00
tốt,5.0,POSITIVE,2025-02-19 02:02:02
dịch vụ tốt red_heart,5.0,POSITIVE,2025-02-19 02:02:05
10 đ smiling_face_with_heart eyes,5.0,POSITIVE,2025-02-19 02:02:08
dịch vụ tốt,5.0,POSITIVE,2025-02-19 02:02:11
làm tốt lắm,5.0,POSITIVE,2025-02-19 02:02:14
trải nghiệm tuyệt vời nhân viên rất thân thiện rất muốn giới thiệu,5.0,POSITIVE,2025-02-19 02:02:17
được rồi được rồi được rồi,5.0,POSITIVE,2025-02-19 02:02:20
xuất sắc,5.0,POSITIVE,2025-02-19 02:02:23
dịch vụ rất tuyệt vời da mặt tôi đã cải thiện rất nhiều sau khi chăm tôi là khách hàng thường xuyên ở đây địa chỉ chăm sóc da mặt số 1 tại đà năng,5.0,POSITIVE,2025-02-19 02:02:36
dịch vụ tốt các bạn nhân viên thân thiện chắc chắn sẽ quay lại với cả nhà,5.0,POSITIVE,2025-02-19 02:02:49
mới trải nghiệm lần đầu thấy ở đây nhân viên nhẹ nhàng tĩ mĩ nói chuyện từ tốn không_gian rộng rãi yên tĩnh nhạc nhẹ nhàng các bước skin đầy đủ tư vấn nhiệt tình nói chung 10 điểm đấy ạ,5.0,POSITIVE,2025-02-19 02:02:53
ở đây làm thích lắm ạ nhân viên dễ thương chị chủ siêu dễ thương nữa có nhiều gói làm mặt và tư vấn rất kỹ rất đáng để thử nhoa mn ơi,5.0,POSITIVE,2025-02-19 02:02:56
chị thấy mình trẻ ra rất nhiều khi làm dịch vụ tại đây cảm ơn soul rất nhiều các bạn cùng đến soul để trải nghiệm như mình nhé,5.0,POSITIVE,2025-02-19 02:02:59
mình tới đây buổi đầu không_gian dễ chịu nhạc nhẹ nhàng đồ sử dụng thiên nhiên các bạn nhân viên nice lắm bạn chuyên viên thân thiện lắm tay rất mềm nên lướt trên mặt à,5.0,POSITIVE,2025-02-19 02:03:02
dịch vụ tốt giá thành hợp lí cho khách du lịch tôi sẽ ghé trong lần tiếp theo du lịch đà nẵng,5.0,POSITIVE,2025-02-19 02:03:05
nhân viên nhiệt tình massage rất thoải mái dễ chịu giá cả phù hợp lần sau sẽ quay lại,5.0,POSITIVE,2025-02-19 02:03:08
đã trải nghiệm dịch vụ thấy các bạn chăm sóc rất ok,5.0,POSITIVE,2025-02-19 02:03:11
tôi đã đăng ký gói chăm sóc da tại soul dịch vụ chuyên nghiệp nhân viên tận tâm không_gian thư giãn tôi sẽ giới thiệu cho bạn bè tôi tới soul chăm da,5.0,POSITIVE,2025-02-19 02:03:14
trải nghiệm quá tuyệt vời tại đây không_gian vô cùng chill chill dịch vụ oki rất tự tin khi chăm sóc da tại đây red_heart,5.0,POSITIVE,2025-02-19 02:03:17
dịch vụ tốt các bạn có tay nghề cao mình chắc chắn sẽ quay lại,5.0,POSITIVE,2025-02-19 02:03:20
các chị nhân viên tận tình dịch vụ tốt okela,5.0,POSITIVE,2025-02-19 02:03:23
tôi chăm sóc da tại soul khá nhiều lần tôi rất thích dịch vụ tại đây và sẽ quay lại nhiều lần nữa tôi sẽ giới thiệu cho bạn bè tôi qua soul chăm sóc da,5.0,POSITIVE,2025-02-19 02:03:25
nhân viên nhiệt tình lắng nghe khách hàng,5.0,POSITIVE,2025-02-19 02:03:28
nhân viên nhiệt tình dịch vụ làm tốt,5.0,POSITIVE,2025-02-19 02:03:31
spa dịch vụ tốt và chất lượng nhất mình từng biết trải nghiệm thực sự khác biệt chị chủ spa chuyên môn cao và rất có tâm đấy ạ,5.0,POSITIVE,2025-02-19 02:03:33
tôi có chuyến du lịch 3 hôm tại đà nẵng tôi tìm hiểu và sd dv massa tại spa tôi được thư giãn và lấy lại sức khỏe nơi này đa dạng dv ktv tốt giá cả tương đương chất lượng nhận lại,5.0,POSITIVE,2025-02-19 02:03:47
spa sạch đẹp nhân viên nhiệt tình dịch vụ khá tốt nên tới để trải nghiệm cho spa 5 ạ,5.0,POSITIVE,2025-02-19 02:03:50
t được 1 ng quen giới thiệu trải nghiệm dv ở đây 1 lần trong chuyến công tác đà nẵng 5 ngày thực sự t rất ấn tượng bởi tác phong chuyên nghiệp của các bạn nhân viên ở đây mang cho t cảm giác thân thiện gần gũi rất đỗi dễ thương còn không,5.0,POSITIVE,2025-02-19 02:03:53
dịch vụ tốt nhân viên quá nhiệt tình sẽ comeback khi tới đà nẵnh,5.0,POSITIVE,2025-02-19 02:03:56
sau buổi chăm sóc da làn da cảm thấy mềm mịn các bước làm sạch massage và đắp mặt nạ giúp da thư giãn và giảm bớt tình trạng căng thẳng mệt mỏi,5.0,POSITIVE,2025-02-19 02:03:59
dv detox chăm sóc da chuyên sâu tốt nhân viên thân thiện nhiệt tình dễ thương lắm ạ smiling_face_with_hearts,5.0,POSITIVE,2025-02-19 02:04:02
dịch vụ tuyệt vời nhân viên nhiệt tình không_gian thoáng mát thư giãn lần sau mình sẽ ghé đến smiling_face_with_hearts,5.0,POSITIVE,2025-02-19 02:04:05
cảm ơn soul dịch vụ chu đáo chất lượng mình đã đăng ký gói chăm sóc da lâu dài tại đây smiling_face_with_heart eyes,5.0,POSITIVE,2025-02-19 02:04:08
spa mới sạch sẽ rộng rãi thoáng mát nhân viên nhiệt tình massage xong thoải mái hơn hẳn,5.0,POSITIVE,2025-02-19 02:04:11
nhiệt tình chăm sóc khách hàng tốt love red_heart,5.0,POSITIVE,2025-02-19 02:04:14
dịch vụ chất lượng rất dễ chịu và siêu thư giãn sau khi trải nghiệm không_gian đẹp,5.0,POSITIVE,2025-02-19 02:04:18
không_gian sạch sẽ thoáng mát chất lượng dịch vụ tốt nhân viên ở đây rất thân thiện và nhiệt tình smiling_face_with_smiling_eyes smiling_face_with_smiling_eyes,5.0,POSITIVE,2025-02-19 02:04:20
dịch vụ tốt nhân viên thân thiện sẽ quay lại ạ,5.0,POSITIVE,2025-02-19 02:04:23
nhân viên phục vụ tận tình chất lượng sản phẩm tốt,5.0,POSITIVE,2025-02-19 02:04:26
không_gian sạch sẽ thoáng mát 2 chị lễ tân chu đáo nhạc du dương nên đầu óc rất thoải mái,5.0,POSITIVE,2025-02-19 02:04:28
dịch vụ chu đáo nhân viên thân thiện niềm nở tay nghề cao các bạn ở đây làm đúng quy trình và đúng với nhu cầu của khách hàng,5.0,POSITIVE,2025-02-19 02:04:42
nhân viên thân mật có kỹ năng chăm sóc khách hàng tốt,5.0,POSITIVE,2025-02-19 02:04:45
spa phục vụ nhiệt tình gội đầu rất sướng luôn nên đến trải nghiệm nha mọi người,5.0,POSITIVE,2025-02-19 02:04:48
dịch vụ tốt các bạn có teabreak cho khách lần sau mình lại ghé đến mọi người nên ghé thử,5.0,POSITIVE,2025-02-19 02:04:51
dịch vụ chuẩn nhân viên chu đáo cơ sở vật chất sạch sẽ và chuyên nghiệp,5.0,POSITIVE,2025-02-19 02:04:54
spa đẹp hiện đại dịch vụ hoàn hảo sẽ tiếp tục ủng hộ,5.0,POSITIVE,2025-02-19 02:04:56
được bạn bè giới thiệu spa này tôi cảm thấy bị ấn tượng bởi phần visual sạch sẽ tươm tất lẫn chất lượng phục vụ tại nơi đây nhân viên thật sự rất thành tâm thân thiện và giải đáp những kiến thức chuyên môn một cách rất cuốn hút ok mười điểm không_có nhưng,5.0,POSITIVE,2025-02-19 02:04:59
một không_gian đáng để trải nghiệm sẽ quay lại great star,5.0,POSITIVE,2025-02-19 02:05:02
mình đã có trải nghiệm ở đây khá tốt nhân viên nhiệt tình vui vẻ dịch vụ ở đây ok rất thoải mái và dễ chịu nhẹ nhàng đánh giá tốt,5.0,POSITIVE,2025-02-19 02:05:05
gia đình tôi có chuyến du lịch đến đà nẵng vào cuối tuần trước trong thời gian lưu trú tại đây tôi có đến dịch vụ soul skin medical spa để massage dưỡng sinh nhân viên ở đây rất nhiệt tình kỹ thuật viên chuyên nghiệp giá cả phải chăng tôi sẽ đến đây tiếp vào lần sau khi tôi quay lại đà nẵng thankyou,5.0,POSITIVE,2025-02-19 02:05:08
không_gian đẹp thơm thư giãn luxury tiện đường trung tâm,5.0,POSITIVE,2025-02-19 02:05:11
đi du lịch được bạn bè giới thiệu nên đến thử và hài lòng vượt mong đợi chất lượng phục vụ tốt nhân viên vui vẻ nhiệt tình cảm giác rât thoải mái khi trải nghiệm dịch vụ ở đây giá thành hợp lý cho tất cả các dịch vụ nên đến và trải nghiệm,5.0,POSITIVE,2025-02-19 02:05:14
tôi đánh giá rất cao về chuyên môn của các bạn ktv ở đây tay nghề rất tốt và tôi hài lòng khi phần vai gáy của tôi được giải tỏa tức thời cảm ơn soul cảm ơn các bạn đã tạo ra một trải nghiệm rất tuyệt vời tại đà nẵng,5.0,POSITIVE,2025-02-19 02:05:17
trải nghiệm tuyệt vời OK_hand spa sạch sẽ nhân viên thân thiện cơ sở vật chất đầy đủ sẽ quay lại để thử massage cơ thể giá cả hợp lý OK_hand,5.0,POSITIVE,2025-02-19 02:05:21
dịch vụ rất tốt nhân viên vui vẻ hòa đồng tôi đã trải nghiệm 1 lần rồi nên rất ưng ý lần sau nhất định đem bạn trai đến trải nghiệm,5.0,POSITIVE,2025-02-19 02:05:31
dịch vụ rất tốt nhân viên rất nhiệt tình và chuyên nghiệp chắc chắn sẽ quay lại nhiều lần nữa,5.0,POSITIVE,2025-02-19 02:05:44
dịch vụ làm mặt rất tuyệt vời nhân viên rất nhiệt tình và chu đáo phòng sạch sẽ ngăn nắp đáng để trải nghiệm thumbs_up thumbs_up,5.0,POSITIVE,2025-02-19 02:05:48
tôi có liệu trình trị liệu da mặt thật tuyệt vời tại soul skin medical spa chắc chắn sẽ giới thiệu bạn bè đến spa này cám ơn soul skin medial spa rat nhiều vì đã cho tôi tăng thêm độ tư tin khi gặp các đối tác trong và ngoài nước stanley ho,5.0,POSITIVE,2025-02-19 02:05:51
dịch vụ tốt tôi rất hài lòng khi đến spa trải nghiệm hẹn một ngày đẹp trời đến spa soul skin medical spa 71 lý thường kiệt,5.0,POSITIVE,2025-02-19 02:05:54
dịch vụ phải nói là rất tuyệt bà chủ và nhân viên cực kì thân thiện phục vụ quá tốt sẽ quay lại lần tới smiling_face_with_heart eyes,5.0,POSITIVE,2025-02-19 02:05:57
mình vào với chồng ở đà nẵng một tháng và thường xuyên đến nơi này quả thật ở đây phục vụ rất tận tình chu đáo sản phẩm chăm sóc da cực kỳ tốt da mình được cải thiện rõ rệt luôn red_heart red_heart red_heart,5.0,POSITIVE,2025-02-19 02:06:00
spa rất tốt và chuyên nghiệp tôi rất hài lòng với dịch vụ ở đây nếu có cơ hội tôi sẽ tới tiếp trong tương lai,5.0,POSITIVE,2025-02-19 02:06:03
dịch vụ spa chuyên nghiệp nhân viên dễ thương gần gũi chu đáo cảm thấy thoải mái thư giản được chữa lành khi đến đây cơ sở vật chất hiện highly recommend smiling_face_with_smiling_eyes,5.0,POSITIVE,2025-02-19 02:06:05
dịch vụ chuyên nghiệp thân thiện không_gian đẹp sẽ trở lại sớm rất thích gói chăm sóc mặt good,5.0,POSITIVE,2025-02-19 02:06:09
lần tới đến đn chắc chắn vẫn sẽ đến đây để thư giãn nhân viên ở đây rất nhiệt tình trải nghiệm vượt ngoài mong đợi của mình giá cả rất ư phù hợp với trải nghiệm,5.0,POSITIVE,2025-02-19 02:06:12
nhân viên nhiệt tình và rất thân thiện nơi này phù hợp với tôi tôi sẽ quay lại và giới thiệu với bạn bè mình,5.0,POSITIVE,2025-02-19 02:06:15
spa phục vụ rất tốt tôi rất hài lòng khi đến trải nghiệm dịch vụ bên spa soul hẹn một ngày tôi sẽ quay trở lại,5.0,POSITIVE,2025-02-19 02:06:18
thật tuyệt vời vào soul spa thật sự được thư giãn nhạc hay nhân viên chuyên nghiệp kỹ thuật tốt các bạn nên đến thử 1 lần nhé red_heart,5.0,POSITIVE,2025-02-19 02:06:20
tôi đến từ tphcm dịch vụ ở đây rất tốt nhân viên thân thiện tư vấn nhiệt tình chị tiết có dịp sẽ đến trải nghiệm,5.0,POSITIVE,2025-02-19 02:06:23
dịch vụ tốt gội đầu chuyên nghiệp,5.0,POSITIVE,2025-02-19 02:06:26
dịch vụ tốt nhân viên rất thân thiện chuyên nghiệp và tôi thực sự hài lòng với điều đó,5.0,POSITIVE,2025-02-19 02:07:00
thật tuyệt vời về chất lượng dịch vụ nha,5.0,POSITIVE,2025-02-19 02:07:03
dịch vụ rất chuyên nghiệp nhân viên thân thiện không_gian đẹp đặc biệt là dịch vụ chăm sóc da mặt,5.0,POSITIVE,2025-02-19 02:07:05
dịch vụ rất tốt tôi thấy hài lòng nhân viên nhiệt tình sẽ giới thiệu bạn bè đến,5.0,POSITIVE,2025-02-19 02:07:09
nhân viên tư vấn nhiệt tình cơ sở và trang thiết bị hiện đại thấy hiệu quả đáng kể sau khi điều trị tại thẩm mỹ viện,5.0,POSITIVE,2025-02-19 02:07:12
hài lòng,5.0,POSITIVE,2025-02-19 02:07:15
không_gian xanh mát mẻ nhân viên chuyên nghiệp nhiệt tình rất hài lòng với soul spa,5.0,POSITIVE,2025-02-19 02:07:18
gội đầu dưỡng sinh thỏa mái spa thì cực kì sạch sẽ mấy chị nhân viên rất nhiệt tình lun ạ,5.0,POSITIVE,2025-02-19 02:07:20
khách sạn đẹp nhân vuên nhiệt tình lần sau sẽ quay lại đây nghỉ dưỡng cùng bạn bè cảm ơn khách sạn,5.0,POSITIVE,2025-02-19 02:07:23
chuyên nghiệp dịch vụ tốt sản phẩm ok,5.0,POSITIVE,2025-02-19 02:07:26
đã tới trải nghiệm dịch vụ gói chăm sóc da mặt rất tốt chuyên nghiệm chắc chắn sẽ quay lại,5.0,POSITIVE,2025-02-19 02:07:29
tôi đã trải nghiệm dịch vụ tại soul dịch vụ rất tuyệt vời thái độ nhân viên rất thân thiện không_gian sang trọng chắc chắn tôi sẽ trở lại,5.0,POSITIVE,2025-02-19 02:07:32
dịch vụ tốt cơ sở vật chất đầy đủ thoáng mát sạch sẽ nhân viên tư vấn nhiệt tình,5.0,POSITIVE,2025-02-19 02:07:35
dịch vụ chăm sóc tốt không_gian sạch sẽ giá cả phù hợp sẽ giới thiệu bạn bè đến,5.0,POSITIVE,2025-02-19 02:07:38
dịch vụ đạt chuẩn các bạn nhân viên rất nhiệt tình và chuyên nghiệp highly recommend mọi người nhé thumbs_up thumbs_up,5.0,POSITIVE,2025-02-19 02:07:41
dịch vụ chăm sóc da tốt toàn sử dụng sp từ thiên nhiên nhân viên thân thiện,5.0,POSITIVE,2025-02-19 02:07:44
chất lượng tốt nhân viên chuyên nghiệp,5.0,POSITIVE,2025-02-19 02:07:46
spa sạch sẽ nhân viên thân thiện tay nghề tốt nếu có dịp tôi sẽ quay lại vào lần sau,5.0,POSITIVE,2025-02-19 02:07:49
dịch vụ chăm sóc gia rất tốt và tận tâm,5.0,POSITIVE,2025-02-19 02:07:52
dịch vụ tốt nhân viên nhiệt tình và thân thiện sẽ giới thiệu bạn bè đến,5.0,POSITIVE,2025-02-19 02:07:55
chất lượng dịch vụ ok và đội ngũ nhân viên thân thiện,5.0,POSITIVE,2025-02-19 02:07:58
spa siêu xịn có bánh với trái cây cho khách ngon lúm nha face_savoring_food face_savoring_food,5.0,POSITIVE,2025-02-19 02:08:01
nhân viên thân thiện tư vấn thật làm tốt,5.0,POSITIVE,2025-02-19 02:08:04
dịch vụ rất tốt da mình mịn màng trắng lên toàn sử dụng sp hữu cơ,5.0,POSITIVE,2025-02-19 02:08:07
bạn nhiệt tình vui vẻ,5.0,POSITIVE,2025-02-19 02:08:09
một trải nghiệm rất tuyệt vời chất lượng rất xứng đáng với đồng tiền mình bỏ ra,5.0,POSITIVE,2025-02-19 02:08:12
đang hưởng thụ sung sướng nơi đây khoái dịch vụ khoái cả chị chủ xinh đẹp x,5.0,POSITIVE,2025-02-19 02:08:15
dịch vụ tốt nhân viên nhiệt tình sẽ tiếp tục ủng hộ,5.0,POSITIVE,2025-02-19 02:08:18
dịch dụ chăm sóc rất tuyệt vời red_heart,5.0,POSITIVE,2025-02-19 02:08:22
dịch vụi tốt nhân viên tư vấn okay tuyệt vời,5.0,POSITIVE,2025-02-19 02:08:55
tuyệt vời nhân viên niềm nở và chuyên nghiệp soul rất chuyên nghiệp,5.0,POSITIVE,2025-02-19 02:08:58
dịch vụ tốt nhân viên chuyên nghiệp,5.0,POSITIVE,2025-02-19 02:09:01
dịch vụ rất chuyên nghiệp thân thiện không_gian đẹp,5.0,POSITIVE,2025-02-19 02:09:04
dịch vụ uyệt vời tôi sẽ quay lại vào lần sau,5.0,POSITIVE,2025-02-19 02:09:06
dịch vụ tốt nhân viên chu đáo sẽ quay lại,5.0,POSITIVE,2025-02-19 02:09:09
nhân viên tư vấn rất nhiệt tình và chu đáo smiling_face_with_hearts,5.0,POSITIVE,2025-02-19 02:09:13
trải nghiệm tuyệt vời dịch vụ ổn định có lẽ sẽ ghé tiếp,5.0,POSITIVE,2025-02-19 02:09:16
thích nhất lag dịch vụ chuyên nghiệp thân thiện sẽ trở lại,5.0,POSITIVE,2025-02-19 02:09:19
thật tuyệt vời mn nên ghé trải nghiệm nhé,5.0,POSITIVE,2025-02-19 02:09:22
tinh tế lịch sự phong cách nhẹ nhàng rất tuyệt,5.0,POSITIVE,2025-02-19 02:09:25
quán rất dễ chịu hứa sẽ qua quán dài dài,5.0,POSITIVE,2025-02-19 02:09:28
hết sức tuyệt vời lần sau nhất định sẽ quay lại,5.0,POSITIVE,2025-02-19 02:09:30
quá tốt,5.0,POSITIVE,2025-02-19 02:09:33
dịch vụ tốt rất hài lòng,5.0,POSITIVE,2025-02-19 02:09:37
tuy chưa đi bao h nhưng rất tuyệt saluting_face saluting_face saluting_face,5.0,POSITIVE,2025-02-19 02:09:40
dịch vụ cực kỳ chuyên nghiệp,5.0,POSITIVE,2025-02-19 02:09:43
dịch vụ tốt sẽ quay lại red_heart red_heart,5.0,POSITIVE,2025-02-19 02:09:46
trãi nghiệm tuyệt vời sẽ trở lại sớm,5.0,POSITIVE,2025-02-19 02:09:49
không_gian đẹp dịch vụ tốt,5.0,POSITIVE,2025-02-19 02:09:52
rất tốt nhân viên có tâm,5.0,POSITIVE,2025-02-19 02:09:55
dịch vụ rất tốt thân thiện,5.0,POSITIVE,2025-02-19 02:09:58
tận tình chuyên nghiệp uy tín,5.0,POSITIVE,2025-02-19 02:10:01
dịch vụ ok lắm nhe,5.0,POSITIVE,2025-02-19 02:10:04
rất tuyệt,5.0,POSITIVE,2025-02-19 02:10:07
quá chuẩn cho 10 điểm,5.0,POSITIVE,2025-02-19 02:10:10
dịch vụ số 1,5.0,POSITIVE,2025-02-19 02:10:13
rất tuyệt vời,5.0,POSITIVE,2025-02-19 02:10:16
10 đỉm,5.0,POSITIVE,2025-02-19 02:10:19
trải nghiệm tuyệt vời,5.0,POSITIVE,2025-02-19 02:10:22
tốt dễ chịu,5.0,POSITIVE,2025-02-19 02:10:25
chồng tôi và tôi đến mát xa theo lời giới thiệu của gia đình chúng tôi không_có lịch hẹn nhưng nhân viên đã nhanh chóng giúp chúng tôi và bắt đầu dịch vụ mà không_phải chờ đợi nhân viên tiếp tân nói chuyện rất nhẹ nhàng và lịch sự cô ấy,5.0,POSITIVE,2025-02-19 02:10:28
3 người được chăm sóc da sâu và 1 người được massage lưng tôi nhận được sự chăm sóc chân thành và chuyên nghiệp nếu bạn tiếp tục chăm sóc nó làn da của bạn sẽ thực sự tốt hơn tôi đã tìm kiếm nhanh và tìm thấy nó và nó thật tuyệt vời,5.0,POSITIVE,2025-02-19 02:10:41
tôi đã đến đây nhiều lần trong kỳ nghỉ gần đây tôi rất thích gội đầu và chăm sóc da mặt tóc và da của tôi cảm thấy siêu sạch và mềm mại các nhân viên đều tốt bụng và hữu ích nó thực sự rất thư giãn tôi rất muốn giới thiệu nó,5.0,POSITIVE,2025-02-19 02:10:44
tôi thực sự thích nó đến mức tôi đã đặt chỗ cho ngày mai hãy chăm sóc làn da của bạn một cách sạch sẽ và ở mức độ chuyên nghiệp tôi đã đến nơi này trong khi lo lắng về việc liệu làn da của tôi có bị biến dạng,5.0,POSITIVE,2025-02-19 02:10:47
rất khuyến khích cửa hàng này trải nghiệm đáng kinh ngạc với dầu gội chăm sóc da mặt với giá cả hợp lý họ sử dụng tay máy móc và rất nhiều công cụ để chăm sóc da mặt của tôi hơn nữa nhân viên lễ tân của họ rất thân thiện và cuối cùng họ tặng tôi một chiếc vòng tay đẹp smiling_face_with_hearts,5.0,POSITIVE,2025-02-19 02:10:50
trải nghiệm thực sự tốt tại soul skin spa đà nẵng bác sĩ trị liệu của tôi rất nhẹ nhàng và rất cẩn thận khi điều trị,5.0,POSITIVE,2025-02-19 02:10:52
dịch vụ tuyệt vời star struck mọi người ở đây thật tuyệt vời kỹ thuật này rất tốt và họ đã chăm sóc da mặt cho tôi rất cẩn thận thực sự khuyên bạn nên,5.0,POSITIVE,2025-02-19 02:10:55
dịch vụ 60 phút trải nghiệm rất thoải mái thái độ phục vụ tuyệt vời thumbs_up_medium_skin_tone,5.0,POSITIVE,2025-02-19 02:10:58
tôi đã nhận được dịch vụ chăm sóc da mặt và massage chân cùng lúc và hài lòng với cả hai dịch vụ,5.0,POSITIVE,2025-02-19 02:11:01
các động tác rất nhẹ nhàng giống như đang đối xử với một người thân yêu kỹ thuật cũng rất điêu luyện sau khi rửa mặt và massage tôi thực sự cảm thấy rất thoải mái,5.0,POSITIVE,2025-02-19 02:11:04
massage vai và cổ rất thoải mái người dân trung quốc rất thân thiện vì nhân viên lễ tân nói tiếng trung rất tốt nếu có thắc mắc gì bạn có thể nói trực tiếp với anh ấy và nhờ anh ấy dịch rất khuyến khích thumbs_up,5.0,POSITIVE,2025-02-19 02:11:06
tôi rất hài lòng với cửa hàng này tôi sẽ đến đây một lần nữa,5.0,POSITIVE,2025-02-19 02:11:09
nơi thật tuyệt vời chúng tôi đã rửa mặt và gội đầu chắc chắn sẽ giới thiệu,5.0,POSITIVE,2025-02-19 02:11:12
tôi đã có một khuôn mặt rất bình tĩnh ở đây nó rất kỹ lưỡng và chúng làm cho bạn cảm thấy rất thư giãn,5.0,POSITIVE,2025-02-19 02:11:15
dầu gội với massage mặt là trải nghiệm độc đáo họ sẽ xoa bóp mặt và vai của bạn sau đó gội đầu và cả tai rất thư giãn trong 60 phút nhân viên siêu thân thiện phải thử bánh quy dừa sau,5.0,POSITIVE,2025-02-19 02:11:18
đã từng massage mặt ở đây trải nghiệm tuyệt vời OK_hand spa sạch sẽ nhân viên thân thiện cơ sở vật chất đầy đủ sẽ quay lại để thử massage cơ thể giá cả cũng hợp lý rất khuyến khích OK_hand,5.0,POSITIVE,2025-02-19 02:11:51
tiệm tuyệt vời tôi đã đến thăm cùng chồng và con gái dùng để gội đầu và massage mặt mọi người rất thích nó chúng tôi sẽ đến đây lần nữa,5.0,POSITIVE,2025-02-19 02:11:54
đến với gia đình tôi vào buổi sáng trước khi ra sân bay để nuông chiều bản thân vào phút cuối người chủ rất nhiệt tình và sắp xếp cho vợ tôi hai đứa con tôi và tôi những phương pháp điều trị mà chúng tôi mong muốn vợ tôi và hai đứa con,5.0,POSITIVE,2025-02-19 02:11:57
chúng tôi đã có một khuôn mặt đáng yêu ở đây khi ở đà nẵng các quý cô rất tử tế và nhân viên tiếp tân nói tiếng anh hoàn hảo chắc chắn sẽ quay lại smiling_face_with_smiling_eyes,5.0,POSITIVE,2025-02-19 02:12:00
chúng tôi đã có một trải nghiệm tuyệt vời tại spa này tôi chắc chắn sẽ giới thiệu spa này cho bạn bè của tôi,5.0,POSITIVE,2025-02-19 02:12:03
nơi rất đẹp vợ tôi và tôi thực sự rất thích nó vợ đã được điều trị da mặt và cô ấy rất thích nó tôi vừa mới mát xa mặt và gội đầu và nó thật tuyệt vời rất khuyến khích,5.0,POSITIVE,2025-02-19 02:12:05
spa rất đẹp nhân viên thân thiện tôi đã làm sạch da mặt sâu và làn da của tôi cảm thấy mịn màng và sáng hơn rất nhiều sẽ quay lại khi có cơ hội cảm ơn smiling_face_with_smiling_eyes,5.0,POSITIVE,2025-02-19 02:12:08
trải nghiệm tuyệt vời tôi đã thực hiện chăm sóc da mặt sâu trong 90 phút và 750 000 đ nó hoàn toàn xứng đáng để làm điều đó đó là làn da hoàn toàn khác so với trước đây của tôi họ đã sử dụng rất nhiều loại kem dưỡng da và dụng cụ để điều,5.0,POSITIVE,2025-02-19 02:12:12
nơi tốt nhất để nghỉ ngơi và trẻ hóa khuôn mặt của bạn phòng đẹp và sạch sẽ bao gồm cả phòng thay đồ tôi chắc chắn sẽ ghé thăm một lần nữa,5.0,POSITIVE,2025-02-19 02:12:15
dịch vụ rất tốt thật dễ chịu và thật tử tế của họ rất thân thiện với nhân viên lễ tân và nhân viên ở đây thực sự đã có một thời gian rất tốt star struck star struck,5.0,POSITIVE,2025-02-19 02:12:18
tôi đã ở đó để điều trị da mặt nó rất tốt và thư giãn họ sử dụng những sản phẩm rất tốt và bây giờ làn da của tôi cảm thấy cực kỳ mềm mại cảm ơn,5.0,POSITIVE,2025-02-19 02:12:20
người ta đau đầu vì mụn khi hết mụn lại đau đầu vì sẹo rỗ dùng nhiều loại mà vẫn không_giảm chút nào có lúc stress nặng được bạn bè spa giới thiệu mình cảm nhận được sự thay đổi chậm rãi nhưng rõ ràng và có thêm động lực để làm đẹp trở lại,5.0,POSITIVE,2025-02-19 02:12:23
giá cả tính chuyên nghiệp và dịch vụ thật tuyệt vời chuyên gia đã làm rất tốt trở lại đây mỗi tuần,5.0,POSITIVE,2025-02-19 02:12:26
dịch vụ rất tuyệt vời và tôi cảm thấy cơ thể thư giãn cảm ơn vì dịch vụ tốt của bạn rất khuyến khích hy vọng chúng ta có thể gặp lại bạn smiling_face_with_heart eyes,5.0,POSITIVE,2025-02-19 02:12:29
trải nghiệm tuyệt vời ở đây tôi đã nhận được sản phẩm làm sạch da mặt trị mụn và tôi thực sự rất thích nó cuối cùng tôi đã ngủ quên đó là massage mặt tốt nhất mà tôi từng có tôi sẽ quay lại lần nữa,5.0,POSITIVE,2025-02-19 02:12:32
tôi đã đến một số cửa hàng bán đồ da khi đi du lịch khắp đông nam á và tôi có thể nói rằng đây là cửa hàng tốt nhất cho đến nay nhân viên rất thân thiện và giá cả thì rẻ vì vậy tôi nghĩ tôi sẽ quay lại khi đến đây đà nẵng khi đi du lịch,5.0,POSITIVE,2025-02-19 02:12:35
nhân viên rất dễ thương chăm sóc rất tốt chắc chắn tôi sẽ quay lại tôi yêu y tế soul skin,5.0,POSITIVE,2025-02-19 02:12:38
massage rất chu đáo và dịch vụ rất tốt,5.0,POSITIVE,2025-02-19 02:12:41
đó là một massage rất sảng khoái và tốt tôi khuyên bạn nên massage cả đầu và mặt đó là một massage mà tôi muốn nhận lại,5.0,POSITIVE,2025-02-19 02:12:44
những nơi rất đẹp và mát xa ngày đầu tiên tôi có kinh vào ngày hôm đó tôi hỏi người phụ nữ xem cô ấy có băng vệ sinh không_tôi rất sốc khi cô ấy đưa cho tôi băng vệ sinh mà không_phải trả bất kỳ khoản phí nào cảm ơn bạn rất nhiều woman_gesturing_OK_light_skin_tone,5.0,POSITIVE,2025-02-19 02:12:48
tôi đã có một khuôn mặt rất đẹp 10 10 sẽ lại đến,5.0,POSITIVE,2025-02-19 02:12:51
đó là một trải nghiệm tốt đẹp,5.0,POSITIVE,2025-02-19 02:12:54
rất tốt ông chủ cũng rất tốt mọi người nên đến,5.0,POSITIVE,2025-02-19 02:12:57
tìm thấy địa điểm này trên google và quyết định đến dùng thử vì tôi đang đi nghỉ ở california tôi đã được chăm sóc da mặt và đó là một trải nghiệm tuyệt vời và tôi thực sự đã ngủ quên vì vậy bạn biết rằng điều đó thật tuyệt tôi chắc chắn sẽ quay lại trong tương lai khi tôi đi nghỉ,5.0,POSITIVE,2025-02-19 02:13:00
cảm giác rất thoải mái trên vai và cổ khi gội đầu,5.0,POSITIVE,2025-02-19 02:13:04
tôi tìm thấy địa điểm này trên google maps dịch vụ tuyệt vời nhân viên đều thân thiện tôi đã gội đầu và điều trị mụn trứng cá,5.0,POSITIVE,2025-02-19 02:13:07
tôi được mát xa mặt và mặt tôi sáng lên sau khi được mát xa đồ ăn nhẹ tôi ăn sau khi được mát xa cũng rất ngon tôi sẽ đến lấy lại thumbs_up red_heart,5.0,POSITIVE,2025-02-19 02:13:10
khi mới đến việt nam tôi thầm sợ massage sẽ không_tốt nhưng nó đã nhiều hơn mong đợi massage rất tốt tốt hơn ở thái lan,5.0,POSITIVE,2025-02-19 02:13:13
dịch vụ chăm sóc da thực sự tốt đẹp,5.0,POSITIVE,2025-02-19 02:13:16
đó thực sự là một trải nghiệm tuyệt vời khi đến đây tôi đã điều trị mụn trứng cá và điều trị tóc và tôi rất thích nó đội ngũ nhân viên thực sự tuyệt vời và họ có nhiều lựa chọn để điều trị nếu bạn đã từng ở đà nẵng nhất định phải ghé thăm nơi này,5.0,POSITIVE,2025-02-19 02:13:19
đến đây với các con gái của tôi chúng tôi gội đầu và chăm sóc da mặt điều trị là tuyệt vời chúng tôi cảm thấy thật sảng khoái và thư giãn sau 1 5 giờ phục vụ với đội ngũ nhân viên thân thiện ở đây,5.0,POSITIVE,2025-02-19 02:13:22
tôi đã điều trị chăm sóc da sâu bao gồm chiết xuất và chăm sóc da mặt đó thực sự là một trải nghiệm tuyệt vời và họ đã đưa ra những lời khuyên thực sự hữu ích về cách chăm sóc da của tôi tôi chắc chắn sẽ đến đây một lần nữa,5.0,POSITIVE,2025-02-19 02:13:25
tôi đã chăm sóc da mặt với giá 750 000 đồng và thật tuyệt vời họ mang trà cho bạn và vì da tôi nhạy cảm nên sản phẩm của họ không_hề khiến tôi nổi mụn tôi rất khuyến khích,5.0,POSITIVE,2025-02-19 02:13:28
massage tuyệt vời dầu và áp suất tốt massage tốt nhất tôi đã trải nghiệm ở việt nam,5.0,POSITIVE,2025-02-19 02:13:31
cô hải thật tuyệt vời cô ấy khiến tôi cảm thấy rất thoải mái và thư giãn da của tôi cảm thấy siêu mềm mại và được làm sạch sâu hơn hết mọi người đều cực kỳ chu đáo và tốt bụng red_heart,5.0,POSITIVE,2025-02-19 02:13:44
massage toàn thân rất tốt thư giãn và thực hiện tốt hoàn hảo để phục hồi sau 1 tháng lướt sóng đi thôi,5.0,POSITIVE,2025-02-19 02:13:47
dịch vụ tuyệt vời và vị trí thuận tiện hơn nữa với mức giá hợp lý như vậy nhưng tôi và cả gia đình lại được cung cấp số lượng và chất lượng đồ ăn rất lớn tôi đánh giá cao chỗ ở này,5.0,POSITIVE,2025-02-19 02:13:50
lần đầu tiên ở đà nẵng tìm thấy dịch vụ mát xa tuyệt vời này phải thử massage mặt tốt nhất cho đến nay grinning_face grinning_face grinning_face,5.0,NEUTRAL,2025-02-19 02:16:23
tiệm mát mẻ massage và điều trị da mặt rất dễ chịu nhẹ nhàng và hiệu quả mọi thứ đều sạch sẽ tôi thực sự thích nó,5.0,NEUTRAL,2025-02-19 02:18:55
dịch vụ rất tốt rất khuyến khích nếu bạn ghé thăm đà nẵng,5.0,NEUTRAL,2025-02-19 02:21:27
tôi đã chăm sóc da mặt ở đây và nó giải phóng rất nhiều áp lực xoang mà tôi đã phải vật lộn kể từ khi đi du lịch và đối phó với tình trạng lệch múi giờ cũng như thích nghi với thời tiết dịch vụ tuyệt vời nhân viên thân thiện và chu đáo,5.0,POSITIVE,2025-02-19 02:22:31
khuôn mặt rất thư giãn và dưỡng ẩm nhân viên rất chuyên nghiệp dành thời gian để giải thích mọi thứ một cách chi tiết,5.0,POSITIVE,2025-02-19 02:22:44
lần đầu tiên tôi tìm được spa tốt ở dn sau 2 tháng tìm hiểu giá khá rẻ và dịch vụ tốt một,5.0,NEUTRAL,2025-02-19 02:25:17
tôi đã chăm sóc da mặt của mình ở đây họ thực sự tốt bụng và chu đáo khuôn mặt của tôi cảm thấy thực sự mềm mại và mịn màng sau đó cảm ơn một trải nghiệm tuyệt vời,5.0,NEUTRAL,2025-02-19 02:27:49
tôi đã nhận được nó rất sảng khoái trong một bầu không_khí thoải mái mọi người đều thân thiện và tôi muốn ghé thăm lần sau,5.0,NEUTRAL,2025-02-19 02:30:22
tôi đến đây với vợ tôi cô ấy được thải độc sâu cho da mặt và tôi được mát xa nó thật thư giãn và rất đáng giá lại đến đây nữa,5.0,POSITIVE,2025-02-19 02:30:56
điều trị rất tốt và giá tốt người phụ nữ ở quầy lễ tân rất ấm áp và tốt bụng rất khuyến khích,5.0,NEUTRAL,2025-02-19 02:33:28
nó sạch sẽ nhân viên thân thiện và có thực đơn món hàn quốc thật dễ hiểu,5.0,NEUTRAL,2025-02-19 02:36:00
rất vui khi được nhân viên ở đây chăm sóc,5.0,NEUTRAL,2025-02-19 02:38:33
khuôn mặt đáng yêu nhân viên chu đáo,5.0,NEUTRAL,2025-02-19 02:41:06
tôi đã được massage da rất tốt tôi hài lòng tôi sẽ làm lại vì tôi sống ở đà nẵng,5.0,NEUTRAL,2025-02-19 02:43:39
tôi đã được massage mặt và dịch vụ chất lượng và đội ngũ nhân viên thân thiện rất hoàn hảo tôi dự định sẽ đến lần sau,5.0,NEUTRAL,2025-02-19 02:46:11
spa rất sang trọng và hiện đại nhân viên rất thân thiện tư vấn nhiệt tình dịch vụ hoàn hảo tôi chắc chắn sẽ quay lại,5.0,NEUTRAL,2025-02-19 02:48:43
dịch vụ tuyệt vời và nhân viên thân thiện ngủ thiếp đi giữa buổi và thức dậy với cảm giác thực sự sảng khoái,5.0,NEUTRAL,2025-02-19 02:51:16
bạn thật tuyệt vời và tốt bụng tôi đã nhận nó bằng 4 tay và tôi khuyên bạn nên dùng nó ngày mai tôi cũng nên đến,5.0,NEUTRAL,2025-02-19 02:53:48
nơi rất sạch sẽ và thư giãn rất chuyên nghiệp các con gái của tôi và tôi rất thích thú tôi muốn giới thiệu nơi này,5.0,NEUTRAL,2025-02-19 02:56:21
người quản lý rất tốt và thân thiện,5.0,NEUTRAL,2025-02-19 02:58:53
chăm sóc da mặt tuyệt vời đội ngũ nhân viên xinh xắn và cơ sở vật chất rất đẹp tôi đã có khoảng thời gian tuyệt vời tại soul spa,5.0,NEUTRAL,2025-02-19 03:01:26
loại dầu gội đầu tốt nhất tôi từng có ở đà nẵng tốt hơn loại tôi đã dùng hồi đầu năm cười lớn,5.0,NEUTRAL,2025-02-19 03:03:58
massage cho da mặt âm nhạc yên bình môi trường sạch sẽ nhân viên xinh đẹp và liệu trình chăm sóc da chất lượng tôi đánh giá cao nó,5.0,NEUTRAL,2025-02-19 03:06:31
tôi đã nhận được massage 4 tay và chăm sóc da mặt cùng lúc và nó rất tốt dịch vụ tốt và thân thiện,5.0,NEUTRAL,2025-02-19 03:09:03
nhân viên tốt bụng và thân thiện dịch vụ chăm sóc da mặt khiến tôi thư giãn rất khuyến khích,5.0,NEUTRAL,2025-02-19 03:11:35
kỹ năng tốt với giá cả hợp lý thumbs_up_light_skin_tone thumbs_up_light_skin_tone thumbs_up_light_skin_tone,5.0,NEUTRAL,2025-02-19 03:14:08
dịch vụ tốt chất lượng tốt massage tốt đến mức tôi gần như ngủ quên khuyến khích mạnh mẽ,5.0,NEUTRAL,2025-02-19 03:16:40
không_khí tốt sạch sẽ nhân viên thân thiện và rất lịch sự tôi rất hài lòng grinning_face_with_big_eyes grinning_face_with_big_eyes,5.0,NEUTRAL,2025-02-19 03:19:13
tôi đã mát xa mặt và nó thật tuyệt nhân viên cũng thân thiện và tốt bụng,5.0,NEUTRAL,2025-02-19 03:21:45
dịch vụ tốt sẽ quay lại cảm ơn,5.0,NEUTRAL,2025-02-19 03:24:18
vị trí tốt dịch vụ tốt không_khí lạnh lẽo,5.0,NEUTRAL,2025-02-19 03:26:50
massage cho da mặt âm nhạc yên bình môi trường sạch sẽ nhân viên xinh đẹp và liệu trình chăm sóc da chất lượng tôi đánh giá cao nó,5.0,NEUTRAL,2025-02-19 03:29:23
ngay cả sau khi được mát xa cảm giác mệt mỏi của tôi vẫn không_biến mất trải nghiệm tồi tệ,5.0,NEUTRAL,2025-02-19 03:31:55
dịch vụ không_chuyên nghiệp không_đáng giá,5.0,NEUTRAL,2025-02-19 03:34:27
hài lòng vì headspa đúng chuẩn 5 sao,5.0,NEUTRAL,2025-02-19 03:37:00
trải nghiệm tuyệt vời và rất thoải mái đẩy đẩy,5.0,NEUTRAL,2025-02-19 03:39:32
rất chú ý đến nhu cầu của khách hàng rất khuyến khích thumbs_up thumbs_up thumbs_up,5.0,NEUTRAL,2025-02-19 03:42:06
nơi tốt để mát xa và thư giãn cùng gia đình,5.0,NEUTRAL,2025-02-19 03:44:38
chăm sóc da mặt rất tốt,5.0,NEUTRAL,2025-02-19 03:47:11
nhân viên lễ tân rất lịch sự red_heart,5.0,NEUTRAL,2025-02-19 03:49:43
dịch vụ tuyệt vời,5.0,NEUTRAL,2025-02-19 03:52:15
vừa mát vừa tốt nhé mọi người,5.0,NEUTRAL,2025-02-19 03:54:48
ông chủ rất nhiệt tình,5.0,NEUTRAL,2025-02-19 03:57:20
xuất sắc,5.0,NEUTRAL,2025-02-19 03:59:53
tốt tốt,5.0,NEUTRAL,2025-02-19 04:02:25
nó thật tuyệt,5.0,NEUTRAL,2025-02-19 04:04:57
mục tiêu,5.0,NEUTRAL,2025-02-19 04:07:30
rất tốt,5.0,NEUTRAL,2025-02-19 04:10:02
dịch vụ tốt nhất,5.0,NEUTRAL,2025-02-19 04:12:34
tốt,5.0,POSITIVE,2025-02-19 04:13:39
dịch vụ tốt thumbs_up thumbs_up thumbs_up thumbs_up thumbs_up thumbs_up,5.0,POSITIVE,2025-02-19 04:13:43
vị trí ngay trung tâm thành phố nên thuận tiện cho việc đi lại nhân viên nhiệt tình và thân thiện không_gian sạch sẽ và sang trọng đặc biệt là liệu trình chăm sóc da mặt bằng oxy và có cả gội đầu làm nail nên rất thuận tiện cho tôi tôi rất hài lòng và sẽ quay lại len esthetics,5.0,POSITIVE,2025-02-19 04:14:16
đã thử dịch vụ tại đây rất rất rất hài lòng ạ nhân viên nhiệt tình chu đáo còn dễ thương nữa ạ vị trí trung tâm thành phố thuận tiện cho việc đi lại không_gian đẹp thoáng đãng dịch vụ chất lượng giá cả hợp lí công nghệ máy móc hiện đại không_chê vào đâu được smiling_face_with_hearts smiling_face_with_hearts sẽ ghé ủng hộ tiếp ạ mn ghé trải nghiệm thử nhé smiling_face_with_open_hands smiling_face_with_open_hands,5.0,NEUTRAL,2025-02-19 04:16:48
siêu hài lòng với chất lượng dịch vụ và nhân viên ở len giá cả phải chăng mà vị trí thì gần sân bay nữa nên tiện lợi lắm nè highly recomend nhaa red_heart mình qua đây làm facial được mí bạn chăm kĩ với cả cực ưng mùi thơm nhẹ nhẹ sang sang của mĩ phẩm các bạn dùng nên sẽ tìm hiểu dòng oxygen này để tăm tia mua xài hí hí,5.0,POSITIVE,2025-02-19 04:17:01
dịch vụ ở đây dùng thích thật sự luôn í nhân viên nhiệt tình giá cả phải chăng nói chung là rất chi là hài lòng 3,5.0,NEUTRAL,2025-02-19 04:19:34
kinh nghiệm rất tốt và dịch vụ tuyệt vời trang trí ấm cúng với thiết kế nội thất tốt toàn bộ nhân viên rất niềm nở nó có thể đắt hơn một chút so với những người khác xung quanh nhưng cũng xứng đáng rất khuyến khích,5.0,NEUTRAL,2025-02-19 04:22:06
trải nghiệm dịch vụ gội đầu dưỡng sinh tại spa mình cảm thấy rất hài lòng nhân viên lịch sự thân thiện,5.0,NEUTRAL,2025-02-19 04:24:39
mình không_có thời gian đến spa nhờ green house giúp mình chăm sóc bé tại nhà rất hiệu quả bé khỏe hơn mình rất vuii,5.0,NEUTRAL,2025-02-19 04:27:11
tôi và gia đình đã trải nghiệm ở đây tôi rất hài lòng về dịch vụ,5.0,NEUTRAL,2025-02-19 04:29:43
dịch vụ tốt sản phẩm chất lượng là spa uy tín mọi người có nhu cầu ghé spa này nhé,5.0,NEUTRAL,2025-02-19 04:32:16
rất hài lòng về dịch vụ và đội ngũ nhân viên ở đây great,5.0,NEUTRAL,2025-02-19 04:34:48
không_gian tuyệt vời dịch vụ rất tốt,5.0,NEUTRAL,2025-02-19 04:37:21
spa_bau và sau sinh chuẩn nhất,5.0,NEUTRAL,2025-02-19 04:39:53
chất lượng cao,5.0,NEUTRAL,2025-02-19 04:42:26
nhân viên nhiệt tình dễ thương tuần nào cũng đến đây,5.0,NEUTRAL,2025-02-19 04:44:59
nhân viên nhiệt tình dịch vụ rất hài lòng nên trải nghiệm không_gian sạch sẽ mùi hương dễ chịu enjoy,5.0,NEUTRAL,2025-02-19 04:47:31
không_gian thoải mái thư giãn tư vấn nhân viên nhiệt tình sẽ quay lại,5.0,NEUTRAL,2025-02-19 04:50:03
hôm nay vừa trải nghiệm dịch vụ bên emly phải nói là siêu hài lòng từ không_gian chất lượng dịch vụ đến mấy bạn nhân viên dễ thương đặc biệt là bạn duyên take care mình tận tình lắm luôn sắp 20 10 nên mình còn được tặng quà và quá trời voucher luôn love ittt,5.0,NEUTRAL,2025-02-19 04:52:36
dịch vụ tốt nhân viên tư vấn rất nhiệt tình ạ smiling_face_with_hearts,5.0,NEUTRAL,2025-02-19 04:55:08
siêuuu ưngg lunn chị chủ nhiệt tình có tâmm ạ face_blowing_a_kiss,5.0,NEUTRAL,2025-02-19 04:57:40
nhân viên nhiệt tình dịch vụ hài lòng không_gian sạch sẽ ok red_heart,5.0,NEUTRAL,2025-02-19 05:00:13
nhân viên kỹ thuật chuyên nghiệp nhiệt tình vui tính,5.0,NEUTRAL,2025-02-19 05:02:45
chuyên nghiệp kỹ thuật tốt nhiệt tình có nhiều chương trình km,5.0,NEUTRAL,2025-02-19 05:05:18
dịch vụ tốt nhân viên thân thiện,5.0,NEUTRAL,2025-02-19 05:07:50
must try nên ghé trải nghiệm nha cả nhà ơi smiling_face_with_hearts,5.0,NEUTRAL,2025-02-19 05:10:22
cô chủ dễ thương dịch vụ tốt 10 dd,5.0,NEUTRAL,2025-02-19 05:12:55
đã nha mng ơi,5.0,NEUTRAL,2025-02-19 05:15:27
dịch vụ oke,5.0,NEUTRAL,2025-02-19 05:17:59
trãi nghiệm thật tuyệt vời,5.0,NEUTRAL,2025-02-19 05:20:32
smiling_face_with_hearts smiling_face_with_hearts,5.0,NEUTRAL,2025-02-19 05:23:04
tuyệt vời,5.0,NEUTRAL,2025-02-19 05:25:37
mình làm ở đây gói nâng cơ được 2 lần rồi ok lắm nên cũng giới thiệu nhiều người đến thử ai cũng thích cả smiling_face_with_hearts dịch vụ ở đây cũng chu đáo mấy bé nhân viên nhẹ nhàng dễ thương nữa,5.0,NEUTRAL,2025-02-19 05:28:09
dịch vụ rất ok,5.0,NEUTRAL,2025-02-19 05:30:42
gội đầu thích lắm nv tay nghề cao phòng chill giá cả phải chăng,5.0,NEUTRAL,2025-02-19 05:33:14
kinh nghiệm tốt giá cả hợp lý dịch vụ tốt và nhân viên rất thân thiện sẽ quay lại để thử các dịch vụ khác smiling_face_with_hearts,5.0,NEUTRAL,2025-02-19 05:35:46
nó thật tuyệt vời trải nghiệm này ở đà nẵng thật tuyệt vời và thực sự chuyên nghiệp chúng tôi đã thực hiện hai lần chăm sóc da hai lần điều trị sâu như chưa từng,5.0,NEUTRAL,2025-02-19 05:38:19
dịch vụ khách hàng tốt mọi người đều rất tốt và tôi đã đạt được điều mình muốn tôi sẽ quay lại khi được kéo đi thumbs_up,5.0,NEUTRAL,2025-02-19 05:40:51
các bạn nhân viên rất chuyên nghiệp sử dụng mỹ phẩm chính hãng dịch vụ chất lượng không_gian yên tĩnh sạch sẽ beating_heart,5.0,NEUTRAL,2025-02-19 05:43:25
dịch vụ ở đây ok da mình đã cải thiện hơn nhiều red_heart các bạn nhân viên dễ thương và nhiệt tình mình rất ưng ý,5.0,NEUTRAL,2025-02-19 05:45:58
các chị nhân viên dễ thương chăm sóc tận tình sau vài liệu trình thì thấy da khỏe và ít lên mụn,5.0,NEUTRAL,2025-02-19 05:48:30
dịch vụ ok nhân viên dễ thương nhỏ nhẹ không_gian sạch sẽ,5.0,NEUTRAL,2025-02-19 05:51:03
không_gian thoáng mát nhân viên mát tay nhẹ nhàng nhiệt tình blue_heart,5.0,NEUTRAL,2025-02-19 05:53:35
nhân viên dễ thương tay nghề cao sẽ tới ủng hộ lần sau,5.0,NEUTRAL,2025-02-19 05:56:07
mình rất thích dịch vụ ở đây các bạn tư vấn nhẹ nhàng giá phù hợp với mình quan trọng là tay nghề của các bạn rất lành mình rất yên tâm á không_gian ấm cúng yên tĩnh riêng tư,5.0,NEUTRAL,2025-02-19 05:58:40
vote 5 tiệm làm bớt sướng lại nha chớ vợ tui về ngày nào cũng dụ tui qua tiệm spa chung hết smiling_face_with_tear smiling_face_with_tear smiling_face_with_tear,5.0,NEUTRAL,2025-02-19 06:01:12
trải nghiệm tốt kết quả tốt kỹ thuật chuyên sâu làm tốt da cải thiện sau vài liệu trình trị liệu OK_hand OK_hand check_mark_button check_mark_button,5.0,NEUTRAL,2025-02-19 06:03:45
vô cùng hài lòng với sự tận tâm chuyên nghiệp nhiệt tình của các nhân viên chăm sóc da tại đây,5.0,NEUTRAL,2025-02-19 06:06:17
trải nghiệm dịch vụ ok bạn nhân viên rất có tâm và nhiệt tình rất hài lòng về dịch vụ mình đang trải nghiệm không_gian đẹp nè smiling_face_with_hearts smiling_face_with_hearts smiling_face_with_hearts,5.0,NEUTRAL,2025-02-19 06:08:50
mừi điểm khong có nhưng nha mọi người ghé ủng hộ hai chị bé đi ạ,5.0,NEUTRAL,2025-02-19 06:11:22
dịch vụ rất tốt sparkling_heart,5.0,NEUTRAL,2025-02-19 06:13:54
dịch vụ cực kỳ tốt nhân viên thân thiện và nhiệt tình,5.0,NEUTRAL,2025-02-19 06:16:27
môi trường chuyên nghiệp nhiệt tình chất lượng cao,5.0,NEUTRAL,2025-02-19 06:18:59
sản phẩm tốt dịch vụ ok,5.0,NEUTRAL,2025-02-19 06:21:32
10 điểm không_có nhưng red_heart red_heart red_heart red_heart red_heart,5.0,NEUTRAL,2025-02-19 06:24:04
trải nghiệm tốt,5.0,NEUTRAL,2025-02-19 06:26:37
gần đây tôi đã ghé thăm happy skin ở đà nẵng và tôi không_thể hạnh phúc hơn với trải nghiệm của mình ngay từ khi bước vào các nhân viên đã vô cùng tốt bụng và chu đáo khiến tôi cảm thấy được chào đón và thoải mái buổi tư vấn ban đầu rất,5.0,NEUTRAL,2025-02-19 06:29:09
tôi phát hiện ra studio trực tuyến vì tôi đang tìm kiếm một loại sữa rửa mặt tôi đến tư vấn vào buổi tối da của tôi được phân tích bằng máy ảnh và được khuyến nghị điều trị bằng enzyme quá trình điều trị bao gồm nhiều bước khác nhau và,5.0,NEUTRAL,2025-02-19 06:31:41
tôi đến đó khi nó mở cửa lúc 9 giờ sáng tôi đã trả một cái giá khá cao 1 800 000 đồng để được điều trị bằng enzyme aqua tôi hài lòng vì có vẻ như làn da mệt mỏi của tôi đã đỡ hơn một chút trước khi về nhà,5.0,NEUTRAL,2025-02-19 06:34:14
chúng tôi tìm thấy địa điểm này trên google và quyết định bước vào một cách tự nhiên chúng tôi được chào đón nồng nhiệt và nhận được sự tư vấn kỹ lưỡng bao gồm cả việc phân tích da chi tiết trước khi điều trị bản thân việc điều trị rất,5.0,NEUTRAL,2025-02-19 06:36:46
đây là lần đầu tiên tôi được chăm sóc da mặt bên ngoài nước mỹ và là một trải nghiệm tuyệt vời tôi cảm thấy được chiều chuộng như một vị vua và đã được nhổ răng những thứ bị loại bỏ đã bị loại bỏ khỏi làn da của tôi mà tôi không_biết là,5.0,NEUTRAL,2025-02-19 06:39:19
tôi đã ghé thăm địa điểm này sau khi đọc các bài đánh giá trên google nó ở tầng 3 nếu bạn nhìn vào google maps bạn cần lên tầng 3 bạn cũng có thể giao tiếp bằng tiếng anh,5.0,NEUTRAL,2025-02-19 06:41:51
hoàn toàn là phương pháp điều trị da mặt tốt nhất mà tôi từng có ở việt nam tôi đến để tìm phương pháp làm sạch sâu và nhận được sự quan tâm chăm sóc như vậy họ đã thảo luận với tôi về một số lựa chọn phù hợp nhất với làn da của tôi,5.0,NEUTRAL,2025-02-19 06:44:25
tôi được chăm sóc da với giá 800 000 đồng và tất cả các dịch vụ đều bao gồm ép đùn haha mụn thịt mụn trứng cá v v wow nếu tôi làm ở hàn quốc thì sẽ tốn 5 000 won một lần vậy tại sao tôi lại phải bỏ ra 200 000 won ở đây nó là 40 000 won haha cơ sở này rất sạch sẽ và rất tốt tôi thấy nhiều quá da dẻ tôi đảo lộn,5.0,NEUTRAL,2025-02-19 06:46:57
tôi rất thích dịch vụ tại phòng khám da hạnh phúc mặc dù giao tiếp chỉ thông qua google dịch nhưng tôi vẫn có thể hiểu được mọi thứ nhân viên rất chuyên nghiệp và khiến tôi cảm thấy thoải mái trong quá trình điều trị mụn cảm ơn,5.0,NEUTRAL,2025-02-19 06:49:29
tôi chưa bao giờ đến nơi nào có kính lúp có thể nhìn rõ vào làn da của bạn họ đã giúp tìm ra thứ gì tốt nhất cho làn da của tôi và không_cố gắng bán cho tôi những thứ chúng tôi đã thực hiện liệu pháp ánh sáng và mặt nạ enzyme một cách,5.0,NEUTRAL,2025-02-19 06:52:02
tôi và chồng đã làm mặt ở đây chúng tôi yêu thích trải nghiệm này nó rất chi tiết và toàn diện yêu các nhân viên họ rất tốt bụng và lịch sự rất khuyến khích nơi này,5.0,NEUTRAL,2025-02-19 06:54:34
đây là một nơi tuyệt vời chồng tôi và tôi chưa bao giờ có một khuôn mặt đẹp như vậy nơi rất sạch sẽ công cụ tốt kinh nghiệm tốt kiên nhẫn và nhẹ nhàng tôi khuyên mọi người nên đến đây chúng tôi chắc chắn sẽ quay trở lại,5.0,NEUTRAL,2025-02-19 06:57:07
tôi thường không_sử dụng spa trong chuyến đi nhưng những người địa phương và happy skin là một trong những quyết định đúng đắn nhất mà chúng tôi từng đưa ra ở lại đà nẵng vài đêm và trải nghiệm spa hai lần mọi nơi đều hoàn toàn sạch sẽ,5.0,NEUTRAL,2025-02-19 06:59:39
1 500 000 đồng một người hai người chúng tôi trả 3 000 000 đồng và thực hiện ép đùn xử lý enzyme và lột nước,5.0,NEUTRAL,2025-02-19 07:02:11
dịch vụ tuyệt vời các cô gái siêu đẹp ở đây họ thực sự hữu ích và tốt bụng tuyệt đối giới thiệu cho mọi người,5.0,NEUTRAL,2025-02-19 07:04:44
không_gian sạch sẽ thoải mái thư giãn kỹ thuật viên giàu kinh nghiệm và chu đáo sản phẩm chính hãng khi sử dụng cho khách hàng mọi thứ đều tuyệt vời heart_hands_light_skin_tone,5.0,NEUTRAL,2025-02-19 07:07:16
tôi đã đến gặp nhiều bác sĩ da liễu ở hàn quốc nhưng bạn thực sự phải đi ép đùn tôi sẽ không_nói nhiều tôi chỉ điên thôi,5.0,NEUTRAL,2025-02-19 07:09:49
nhân viên rất thân thiện chăm sóc da mặt rất tốt,5.0,NEUTRAL,2025-02-19 07:12:21
trải nghiệm tốt kết quả thân thiện và chất lượng với làn da của tôi smiling_face_with_heart eyes,5.0,NEUTRAL,2025-02-19 07:14:53
nhân viên rất tốt và điều trị da mặt tuyệt vời vui vẻ trở lại bất cứ lúc nào,5.0,NEUTRAL,2025-02-19 07:17:26
đã thử detox vdn550k rất khuyến khích,5.0,NEUTRAL,2025-02-19 07:19:58
dịch vụ rất tốt giá cả hợp lý,5.0,NEUTRAL,2025-02-19 07:22:31
kinh nghiệm tốt rất chuyên nghiệp,5.0,NEUTRAL,2025-02-19 07:25:03
xuất sắc,5.0,NEUTRAL,2025-02-19 07:27:35
rất thân thiện,5.0,NEUTRAL,2025-02-19 07:30:08
spa nhân viên nhiệt tình làm chuyên nghiệp rất hài lòng về spa sẽ trải nghiệm dịch vụ nhiều,5.0,NEUTRAL,2025-02-19 07:32:40
spa chăm sóc da có tâm tại đà nẵng tư vấn nhiệt tình chu đáo,5.0,NEUTRAL,2025-02-19 07:35:13
spa chăm sóc tốt nhân viên nhiệt tình,5.0,NEUTRAL,2025-02-19 07:37:45
chưa bao giờ làm ở chổ nào mà tệ như này kg biết những khách trc trải nghiệm như nào nhưng thực sự rất tệ,1.0,NEUTRAL,2025-02-19 07:40:17
nhỏ nhưng gọn gàng ngăn nắp nhân viên chu đáo chất lượng gội đầu massage khá là ok giá nhẹ nhàng hợp lý,1.0,NEUTRAL,2025-02-19 07:42:50
gội đầu rất thích rất tốt thái độ nhân viên phục vụ rất tốt đặc biệt là bạn linh làm cực kỳ có tâm và chuyên nghiệp nhiệt tình dễ thương,1.0,NEUTRAL,2025-02-19 07:45:23
mình search google thấy gội đầu dưỡng sinh mà giá rẻ nên dẫn bạn gái đến bạn khen làm bài bản chuẩn spa mà giá rẻ bình dân phù hợp với sinh viên các bạn nên đến đây thử nhé,1.0,NEUTRAL,2025-02-19 07:47:56
trải nghiệm dịch vụ rất tốt các bạn nhân viên dễ thương và nhiệt tình chắc chắn sẽ quay lại 1 lần nữa,1.0,NEUTRAL,2025-02-19 07:50:28
chất lượng dịch vụ tốt nhân viên nhiệt tình,1.0,NEUTRAL,2025-02-19 07:53:00
rất iu,1.0,NEUTRAL,2025-02-19 07:55:33
dịch vụ chất lượng nhân viên dễ thương,1.0,NEUTRAL,2025-02-19 07:58:05
nhân viên thân thiện chất lượng tốt,1.0,NEUTRAL,2025-02-19 08:00:38
rất là ưng ý từ khi bước vào,1.0,NEUTRAL,2025-02-19 08:03:10
dịch vụ chất lượng thân thiện ạ,1.0,NEUTRAL,2025-02-19 08:05:42
gọi 9 h sáng đặt lịch nhưng họ từ chối phục vụ đóng trang web của bạn nếu bạn không_muốn kinh doanh,1.0,NEUTRAL,2025-02-19 08:08:15
không_gian thoáng đãng trang trí đẹp có chỗ ngồi trong phòng ấm cúng các món ăn buffet nhiều đa dạng hương vị ngon nếu đặt vé buffet số lượng nhiều thì được ưu đãi giảm giá tốt,5.0,NEUTRAL,2025-02-19 08:10:47
lúc vào đợi hơi lâu nhân viên nhiệt tình chu đáo có hỏi khách mạnh nhẹ kỹ thuật oke hơn nhiều chỗ khác phòng khá sạch không_bị mùi khó chịu buffet thì hơi ít món nhưng cũng ổn nhân viên buffet thì thái độ với khách đồ ăn khá mặn menu thì ghi được gọi 3 món nhưng chỉ được kêu 1 món,5.0,NEUTRAL,2025-02-19 08:13:20
kỹ thuật viên tay nghề tốt dịch vụ tốt có đồ ăn cho khách khi làm xong,5.0,NEUTRAL,2025-02-19 08:15:52
dịch vụ massage chất lượng tốt lành mạnh không_gian đẹp dù một số bước tiếp đón chưa chuyên nghiệp nhưng vẫn đánh giá 5 cho các bạn,5.0,NEUTRAL,2025-02-19 08:18:24
thực sự có 1 trải nghiệm rất tệ từ cổng chuyện là cơ quan mình đặt buffet ăn sáng ở cham spa đi cả cơ quan tầm 30 người mình tới vào lúc 7 h45 đã kín chỗ đậu xe bảo vệ chỉ mình đậu làn bên kia nhưng hôm nay ngày chẵn cấm đậu mình trả,5.0,NEUTRAL,2025-02-19 08:20:57
dịch vụ tốt nhân viên thân thiện không_gian thoáng mát đẹp và chỉn chu,5.0,NEUTRAL,2025-02-19 08:23:29
giá đắt nhân viên phục vụ qua loa không_nhiệt tình,5.0,NEUTRAL,2025-02-19 08:26:02
đi rất nhiều lần lần này cham thay đổi nhiều có buffet giá 100 k đồ ăn nấu ngon gồm các món vùng miền nước uống cafe trà đào tra sữa 100 k xứng đáng với giá tiền không_đòi hỏi hơn,5.0,NEUTRAL,2025-02-19 08:28:34
trên lầu là spa còn bên dưới là 1 sảnh coffee dài view đẹp gần bờ sông thức uống giá từ 30 k không_gian dành cho người lớn tuổi có hồ bơi cho trẻ cũng ok phết,5.0,NEUTRAL,2025-02-19 08:31:06
tiền mắc nhưng mà chất lượng dịch vụ không_xứng đáng số tiền đã bỏ ra chất lượng mát xa tạm ổn đa phần nhân viên không_bấm huyệt mà chỉ miết da để,5.0,NEUTRAL,2025-02-19 08:33:39
số 05 lê quang hòa khu hòa xuân là khu đô thị mới phát triển của đà nẵng lần đầu đến cảm thấy ấn tượng trước quy mô của quán trang trí đẹp phong cảnh đẹp thức uống cơm trưa dạng văn phòng giá bình quân 100 k người nhân viên nhanh nhẹn lễ phép rất đáng để ghé thăm thưởng thức,5.0,NEUTRAL,2025-02-19 08:36:11
quán tọa lạc tại vị trí đẹp yên tĩnh kiến trúc quán bố trí phong cách trữ tình không_gian hài hòa nhiều màu sắc,5.0,NEUTRAL,2025-02-19 08:38:43
nv take care tốt buffer đồ ăn không_nhiều và đa dạng lắm 1 số món vì để lâu nên cứng,5.0,NEUTRAL,2025-02-19 08:41:16
đa dạng món ăn chủ yếu các món dân giã miền trung và 2 3 loại nước ép thời gian ăn tầm 2 tiếng gì đấy mình không_nhớ món ăn ngon sức chứa được nhiều người,5.0,NEUTRAL,2025-02-19 08:43:48
không_gian rộng rải đẹp nhân viên nhiệt tình vé bao gồm buffet nhẹ,5.0,NEUTRAL,2025-02-19 08:46:22
không_gian đẹp dịch vụ chu đáo chất lượng tốt đồ ăn thức uống ngon khá đầy đủ dịch vụ nên khỏi phải lăn tăn,5.0,NEUTRAL,2025-02-19 08:48:54
hôm nay mình đến cham cùng 2 người bạn nhân dịp sinh nhật của mình khi biết mình có sinh nhật vào hôm nay bạn quản lí rất nhanh đã trang trí cho mình miến phí,5.0,NEUTRAL,2025-02-19 08:51:27
xứng đáng vé ăn uống chỉ 100 k tuy không_đa dạng nhưng xứng đáng view đẹp thoáng phục vụ ok lễ tăn ok mấy bạn làm bếp bún tươi cười lên chút nữa là ok vì phụ vụ hạn chế nói chuyện riêng là ok nhất,5.0,NEUTRAL,2025-02-19 08:53:59
không_gian sang trọng nhân viên lịch sự xinh chất lượng tốt giá lại vừa túi tiền còn được tặng thức uống khi masage xong,5.0,NEUTRAL,2025-02-19 08:56:32
dịch vụ tại đây rất tốt nhân viên và ktv thân thiện m chăm sóc khách nhiệt tình spa sạch sẽ không_gian sang trọng rất vui vì đã được trải nghiệm tại đây,5.0,NEUTRAL,2025-02-19 08:59:04
mình vừa ghé cham vào chiều hôm nay điều làm mình ấn tượng nhất là view tại đây quá đẹp dịch vụ tốt khu phòng xông hơi tập thể rất tuyệt ktv làm rất tốt duy một điều làm mình và chị mình rất khó chịu ngay từ lúc bước vào đó là quầy lễ,5.0,NEUTRAL,2025-02-19 09:01:37
không_gian rộng rãi thoáng mát view đẹp đồ ăn giá vừa phải chất lượng khá tốt có trò chơi nhà banh cho trẻ em phía dưới có spa thích hợp đi gia đình có trẻ em,5.0,NEUTRAL,2025-02-19 09:04:09
hqua mình vào với vé 650 k cho trải nghiệm 90 p có thêm bóp dầu nóng nên thêm 50 k là 700 các bạn hướng dẫn ngồi chờ đề chuẩn bị nước ngâm đến khi lên tắm xong ngâm thì nước lạnh phải chờ để đổi và thay nước lại xông và ngâm xong lấy khăn,5.0,NEUTRAL,2025-02-19 09:06:41
mình rất ấn tượng với dịch vụ ở đây đặt biệt là khu nhà hàng buffet với nhiều view đẹp và sân khấu âm nhạc giá vé buffet chỉ 100 k,5.0,NEUTRAL,2025-02-19 09:09:14
not good never come here please face_screaming_in_fear face_screaming_in_fear face_screaming_in_fear giá đắt nhân viên phục vụ quầy thì qua loa nhanh chóng nv massage lớn tuổi không_biết cách bấm huyệt trị liệu bồn ngâm,5.0,NEUTRAL,2025-02-19 09:11:46
các bạn không_nên tới nơi này mình làm cv văn phòng ngồi nhiều nên đau vai gáy ấp ủ tới đây để được trị liệu cho thoải mái nhưng khiến mình thấy vọng là sự,5.0,NEUTRAL,2025-02-19 09:14:19
mình không_thích cách hành xử và thái độ của nhân viên lễ tân lt hôm qua 19 10 vào lúc hơn 20 h mình có đi massage ở cham spa m có đặt 2 dv là massage body 299 k và ngâm xông 199 k trước giờ mình vẫn đi 2 vc thì lên phòng,5.0,NEUTRAL,2025-02-19 09:16:51
quán rộng rãi mình chưa sử dụng dịch vụ massage dịch vụ cà phê và món ăn nhìn chung cũng được,5.0,NEUTRAL,2025-02-19 09:19:24
